"SUBJECT","school","saccade","stroop","stroop_err","ospan","Zstroop","Zstroop_err","zstrcomb","ac","passage","vocaba","vocabb","vocabc","meq","age","gender","education","vision"
1,"msu",0.46,104.28,0.06,31,-0.26404152782813,0.069236281844684,-0.0974026229917229,-1.34478949139921,40,18,21,12,39,18,"m",15,6
2,"msu",0.85,171.77,0.03,54,0.847664462233044,-0.425541864356709,0.211061298938168,0.622396299136243,36,18,20,17,42,25,"m",18,1
3,"msu",0.83,160.59,0.03,32,0.663505728066739,-0.425541864356709,0.118981931855015,-0.147340980510293,36,15,17,12,55,18,"m",12,1
4,"msu",0.77,126.79,0.11,62,0.106746764308143,0.893866525513672,0.500306644910907,0.454306856910559,45,21,21,16,48,27,"f",16,7
5,"msu",0.88,72.91,-0.03,28,-0.780773145967395,-1.41509815675949,-1.09793565136344,0.578252193189512,41,16,16,11,41,32,"f",18,1
6,"msu",0.81,85.15,0.03,69,-0.579153923588543,-0.425541864356709,-0.502347893972626,1.40007561031318,45,19,21,18,35,19,"f",14,1
7,"msu",0.79,105.77,0.03,43,-0.239498011378417,-0.425541864356709,-0.332519937867563,0.345337584260392,42,19,19,16,42,28,"f",16,1
8,"msu",0.77,103,0.03,75,-0.285125890952716,-0.425541864356709,-0.355333877654712,1.38307280403013,40,19,19,15,32,22,"f",15,1
9,"msu",0.81,117.82,0.11,42,-0.0410084991508697,0.893866525513672,0.426429013181401,-0.0488434515167314,33,16,19,13,36,23,"m",17,2
10,"msu",0.5,143.39,0,68,0.380184598580116,-0.920320010558102,-0.270067705988993,0.157224682675192,40,18,18,13,35,33,"f",12,2
11,"msu",0.67,90.6,0.03,40,-0.489380658722142,-0.425541864356709,-0.457461261539425,-0.103536195072023,38,21,21,12,69,24,"f",16,1
12,"msu",0.75,186.65,0,55,1.09277018355636,-0.920320010558102,0.0862250864991269,0.379750664740855,33,18,12,13,41,22,"f",16,2
13,"msu",0.52,96.2,0,40,-0.397136570052078,-0.920320010558102,-0.65872829030509,-0.510871371644734,40,18,20,14,58,22,"f",16,1
14,"msu",0.63,95.84,0.06,44,-0.403066547180868,0.069236281844684,-0.166915132668092,-0.270157380355591,35,18,16,11,44,25,"f",16,1
15,"msu",0.69,177.52,0.14,41,0.94237937470677,1.38864467171507,1.16551202321092,-0.918263862535694,41,15,17,10,44,21,"m",12,1
16,"msu",0.88,79.45,0,43,-0.673045228127714,-0.920320010558102,-0.796682619342908,0.920740066898963,35,17,17,14,39,23,"m",15,2
17,"msu",0.65,206.77,0,26,1.42419001642094,-0.920320010558102,0.251935002931419,-1.05323904160624,33,15,18,15,41,23,"F",14,4
18,"msu",0.98,86.08,0,44,-0.563834816005836,-0.920320010558102,-0.742077413281969,1.27152379783409,29,11,14,7,42,20,"f",13,1
19,"msu",0.75,137.4,0.03,23,0.281516368020531,-0.425541864356709,-0.0720127481680892,-0.625026692502289,34,16,16,14,28,31,"f",19,1
20,"msu",0.69,147.58,0,33,0.449202943495753,-0.920320010558102,-0.235558533531174,-0.398994182018908,39,18,20,13,36,25,"f",19,2
21,"msu",0.67,234.45,0.14,22,1.88013936899011,1.38864467171507,1.63439202035259,-1.90284909643293,35,14,21,14,53,26,"m",16,1
22,"msu",0.92,50.14,0,37,-1.15584419936335,-0.920320010558102,-1.03808210496073,0.99115456273263,37,19,18,13,57,35,"m",18,1
23,"msu",0.83,142.35,0,38,0.36305355354139,-0.920320010558102,-0.278633228508356,0.282850474296728,39,20,19,15,31,20,"m",14,4
24,"msu",0.85,54.72,0.03,61,-1.08040171255819,-0.425541864356709,-0.75297178845745,1.40731494726758,39,19,22,17,61,27,"f",20,1
25,"msu",0.67,138.39,0.06,22,0.297823805124702,0.069236281844684,0.183530043484693,-1.081822405947,28,18,17,12,54,24,"f",14,1
26,"msu",0.75,111.12,0.08,32,-0.151371962381124,0.399088379312279,0.123858208465578,-0.428089720345362,41,19,18,14,42,26,"f",16,2
27,"msu",0.69,138.49,0.08,36,0.299471020993811,0.399088379312279,0.349279700153045,-0.627354923479809,45,20,22,15,31,19,"f",13,1
28,"msu",0.65,217.31,0.11,31,1.59780656902495,0.893866525513672,1.24583654726931,-1.44468902114321,39,18,16,12,54,20,"f",14,2
29,"msu",0.56,130.82,0.06,15,0.173129563833206,0.069236281844684,0.121182922838945,-1.66815918541201,32,16,16,14,60.5,20,"f",14,5
30,"msu",0.56,176.38,0,0,0.923601113798936,-0.920320010558102,0.00164055162041693,-2.1134751053746,42,19,20,15,33,36,"m",17,3
31,"msu",0.6,135.8,0.11,31,0.255160914114798,0.893866525513672,0.574513719814235,-1.23853820182249,32,16,18,11,54,25,"m",12,1
32,"msu",0.75,97.29,0.03,44,-0.379181917078798,-0.425541864356709,-0.402361890717753,0.280063290476051,40,17,20,15,50,20,"m",13,1
33,"msu",0.85,134.64,0.11,28,0.236053210033142,0.893866525513672,0.564959867773407,-0.467007916519186,35,18,18,15,51,25,"f",16,2
34,"msu",0.83,10.77,0,61,-1.80435308703128,-0.920320010558102,-1.36233654879469,1.68265037492322,38,18,19,14,51,18,"f",12,1
35,"msu",0.94,87.84,0,41,-0.53484381670953,-0.920320010558102,-0.727581913633816,1.02173357672826,40,21,20,14,59,19,"m",13,1
36,"msu",0.77,66.62,0.14,37,-0.884383024134306,1.38864467171507,0.25213082379038,-0.260192568781254,37,17,20,13,44,18,"f",12,1
37,"msu",0.75,154.38,0.07,7,0.561213622595115,0.234162330578482,0.397687976586799,-1.43798631557051,32,16,16,13,42.5,19,"m",12,1
38,"msu",0.58,14.57,0.03,41,-1.74175888400516,-0.425541864356709,-1.08365037418094,-0.0277231238224376,35,21,21,13,38,28,"m",15,3
39,"msu",0.63,121.38,0.03,64,0.0176323857893849,-0.425541864356709,-0.203954739283662,0.434754416759026,40,19,18,15,50,22,"f",16,2
40,"msu",0.83,152.17,0.06,39,0.524810151887822,0.069236281844684,0.297023216866253,-0.0087095445438441,40,22,22,13,47,19,"f",13,2
41,"msu",0.83,298.07,0.06,50,2.92809810491679,0.069236281844684,1.49866719338074,-0.312533212401034,38,16,18,12,50,18,"f",12,2
42,"msu",0.79,169.86,0.17,50,0.816202639133076,1.88342281791646,1.34981272852477,-0.367292777293048,39,19,18,13,45,20,"f",14,1
43,"msu",0.65,185.41,0.14,35,1.07234470677941,1.38864467171507,1.23049468924724,-1.29921693499622,36,15,19,13,35,24,"f",14,2
44,"msu",0.63,60.37,0.15,46,-0.987334015953573,1.55357072044886,0.283118352247645,-0.456431185343832,40,20,21,16,44,22,"f",16,1
45,"msu",0.5,51.09,0,28,-1.14019564860682,-0.920320010558102,-1.03025782958246,-0.780495152886607,39,19,20,14,45,23,"f",15,1
46,"msu",0.48,68.14,0,49,-0.85934534292386,-0.920320010558102,-0.889832676740981,-0.211308446091109,32,17,17,11,53,22,"m",16,1
47,"msu",0.85,161.39,0.11,59,0.676683455019605,0.893866525513672,0.785274990266639,0.468443017760272,37,18,17,13,50,20,"m",13,1
48,"msu",0.81,139.98,0.11,33,0.324014537443524,0.893866525513672,0.608940531478598,-0.45990286680296,42,17,16,13,41,18,"f",12,1
49,"msu",0.67,183.51,0.27,50,1.04104760526636,3.53268330525443,2.28686545526039,-1.31454447911149,33,19,17,14,51,18,"f",12,1
50,"msu",0.77,72.76,0.11,28,-0.783243969771058,0.893866525513672,0.0553112778713073,-0.456592744789379,39,20,17,12,49,20,"f",14,1
51,"msu",0.63,85.5,0.14,62,-0.573388668046664,1.38864467171507,0.407628001834201,0.0202713816595817,42,23,21,15,35,19,"m",13,3
52,"msu",0.5,231.59,0.06,41,1.83302899513361,0.069236281844684,0.951132638489149,-1.45717355690878,40,20,18,15,57,18,"f",12,1
53,"msu",0.67,123.93,0.06,61,0.0596363904516461,0.069236281844684,0.064436336148165,0.319276816167795,31,17,17,13,35,18,"f",12,1
54,"msu",0.46,136.57,0,43,0.267844476306932,-0.920320010558102,-0.326237767125585,-0.804923326147813,33,16,17,10,45,23,"m",15,1
55,"msu",0.73,102.06,0.06,54,-0.300609720122333,0.069236281844684,-0.115686719138825,0.390315412661064,44,21,19,15,45,20,"f",14,3
56,"msu",0.7,60.47,0.06,55,-0.985686800084465,0.069236281844684,-0.45822525911989,0.514105754670089,36,16,18,14,66,18,"m",12,1
57,"msu",0.5,113.01,0.03,56,-0.120239582454977,-0.425541864356709,-0.272890723405843,-0.251548699985934,43,19,22,13,43,21,"f",16,1
58,"msu",0.79,131.62,0,56,0.186307290786072,-0.920320010558102,-0.367006359886015,0.809421539363996,34,17,17,11,43,23,"f",12,1
59,"msu",0.81,180.24,0.08,19,0.987183646346515,0.399088379312279,0.693136012829397,-0.986314201633034,39,19,19,12,55,18,"f",12,1
60,"msu",0.88,202.74,0.05,53,1.35780721689588,-0.0956897668891135,0.631058725003382,0.454772833160674,39,18,19,13,50,18,"f",12,1
61,"msu",0.69,246.04,0,52,2.07105168821976,-0.920320010558102,0.575365838830829,-0.208133364318222,34,15,14,13,45,20,"f",13,1
62,"msu",0.73,87.93,0.06,55,-0.533361322427332,0.069236281844684,-0.232062520291324,0.490368761690445,38,19,21,16,NA,18,"f",12,1
63,"msu",0.81,154.38,0.11,23,0.561213622595115,0.893866525513672,0.727540074054394,-0.868992779088641,41,19,20,13,58,24,NA,18,2
64,"msu",0.85,124.31,0.03,62,0.0658958107542575,-0.425541864356709,-0.179823026801226,1.11717399881201,32,18,17,14,45,18,"f",12,1
65,"msu",0.77,87.69,0.03,28,-0.537314640513192,-0.425541864356709,-0.481428252434951,-0.15285780153058,37,20,19,15,47,18,"f",12,1
66,"msu",0.69,201.13,0.06,38,1.33128704140323,0.069236281844684,0.700261661623959,-0.757576570662485,38,19,22,15,58,26,"m",16,3
67,"msu",0.65,129.71,0.08,34,0.154845467686104,0.399088379312279,0.276966923499192,-0.793823729717406,38,16,19,13,49.5,19,"m",13,2
68,"msu",0.5,81.74,0,32,-0.635323984725135,-0.920320010558102,-0.777821997641618,-0.786555489589956,40,16,20,13,44,23,"m",15,1
69,"msu",0.9,64.75,0.06,68,-0.915185960886631,0.069236281844684,-0.422974839520973,1.63369967761854,43,21,24,16,40,22,"m",15,2
70,"msu",0.73,117.73,0,61,-0.0424909934330669,-0.920320010558102,-0.481405501995584,0.836654636175877,46,22,21,12,59,30,"f",18,6
71,"msu",0.71,109.56,0.08,26,-0.177068529939213,0.399088379312279,0.111009924686533,-0.764999122103156,40,18,20,14,38,20,"f",14,2
72,"msu",0.77,59.44,0,52,-1.00265312353628,-0.920320010558102,-0.961486567047191,0.939543664609662,43,19,20,15,39,20,"m",13,1
73,"msu",0.85,74.19,0.03,61,-0.759688782842809,-0.425541864356709,-0.592615323599759,1.31657100350227,31,15,18,14,48,23,"m",13,1
74,"msu",0.48,99.21,0.17,42,-0.347555372391919,1.88342281791646,0.767933722762269,-1.38880307622534,38,16,19,15,70,21,"f",14,1
75,"msu",0.56,126.35,0.09,44,0.0994990144840661,0.564014428046077,0.331756721265071,-0.795590893437003,38,17,16,10,47,19,"m",12,2
76,"msu",0.69,30.27,0,51,-1.48314599255516,-0.920320010558102,-1.20173300155663,0.763309571790852,39,15,17,12,69.5,25,"f",17,1
77,"msu",0.48,163.75,0.03,75,0.715557749530561,-0.425541864356709,0.145007942586926,0.0922236757438337,39,21,22,14,46,22,"m",15,2
78,"msu",0.73,149.1,0,32,0.474240624706198,-0.920320010558102,-0.223039692925952,-0.301281375209062,41,18,19,13,33,33,"f",20,1
79,"msu",0.67,75.2,0.03,23,-0.743051902564816,-0.425541864356709,-0.584296883460762,-0.613120094886251,36,18,21,13,59,19,"f",12,2
80,"msu",0.56,134.45,0.03,23,0.232923499881836,-0.425541864356709,-0.0963091822374363,-1.27150221903597,36,14,17,13,40,18,"f",12,1
81,"msu",0.73,115.38,0,50,-0.0812005663571115,-0.920320010558102,-0.500760288457607,0.471433972882022,44,22,24,18,63.5,29,"m",16,2
82,"msu",0.6,101.14,0,53,-0.31576410611813,-0.920320010558102,-0.618042058338116,0.188662521883454,38,18,19,13,36,18,"m",11,2
83,"msu",0.5,176.53,0.12,61,0.926071937602598,1.05879257424747,0.992432255925034,-0.796593057246077,39,16,17,14,50,20,"f",14,1
84,"msu",0.44,52.97,0.14,14,-1.10922799026759,1.38864467171507,0.13970834072374,-2.12982405206126,35,17,15,5,58,22,"f",15,1
85,"msu",0.44,225.71,0,31,1.73617270203005,-0.920320010558102,0.407926345735973,-1.70024687372217,34,19,17,13,22,20,"f",13,1
86,"msu",0.71,79.65,0.06,27,-0.669750796389498,0.069236281844684,-0.300257257272407,-0.498070013493246,41,19,19,15,57,18,"f",12,1
87,"msu",0.73,208.24,0,41,1.44840408969683,-0.920320010558102,0.264042039569365,-0.269137349143175,36,14,18,14,44,19,"m",12,1
88,"msu",0.5,135.72,0.11,42,0.253843141419511,0.893866525513672,0.573854833466592,-1.20947865948001,32,17,17,13,48,21,"f",14,2
89,"msu",0.88,114.82,0,49,-0.0904249752241179,-0.920320010558102,-0.50537249289111,0.961076347854785,39,14,19,13,55,22,"m",13,7
90,"msu",0.48,492.98,0.08,22,6.13868655539573,0.399088379312279,3.26888746735401,-3.48801653855498,37,20,20,13,39,22,"m",15,2
91,"msu",0.75,51.57,0.06,48,-1.1322890124351,0.069236281844684,-0.531526365295208,0.489946332084601,37,17,19,14,43,19,"f",12,2
92,"msu",0.81,58.01,0,51,-1.02620831046453,-0.920320010558102,-0.973264160511315,1.05100555380819,40,19,20,13,NA,19,"m",13,1
93,"msu",0.56,62.1,0.03,37,-0.958837181418,-0.425541864356709,-0.692189522887354,-0.455534101203671,32,16,14,13,44,21,"m",12,7
94,"msu",0.58,109.82,0.18,7,-0.172785768679532,2.04834886665026,0.937781548985362,-2.33434655569227,34,13,15,13,44,19,"f",12,1
95,"msu",0.6,NA,NA,17,NA,NA,NA,NA,32,10,15,10,42.5,25,"f",17,3
96,"msu",0.67,117.39,-0.03,39,-0.0480915273880351,-1.41509815675949,-0.731594842073765,0.0173953809720335,30,17,13,12,36,19,"f",12,1
97,"msu",0.75,286.32,0.12,34,2.73455024029657,1.05879257424747,1.89667140727202,-1.3629098847069,37,17,20,13,40,20,"m",12,1
98,"msu",0.71,125.96,0,57,0.0930748725945438,-0.920320010558102,-0.413622568981779,0.592009400447281,37,21,17,14,51,20,"m",13,4
99,"msu",0.73,110.6,0,18,-0.159937484900487,-0.920320010558102,-0.540128747729294,-0.600610244639456,43,20,20,18,37,29,"m",18,1
100,"msu",0.56,76.93,0.03,42,-0.714555068029243,-0.425541864356709,-0.570048466192976,-0.353664495915986,40,19,19,14,48.5,21,"f",14,5
101,"msu",0.83,71.51,0.06,40,-0.803834168134911,0.069236281844684,-0.367298943145114,0.401420567644569,41,15,22,14,43,19,"m",12,1
102,"msu",0.88,155.91,0.06,48,0.586416025392472,0.069236281844684,0.327826153618578,0.455380906213098,45,21,24,17,72,26,"f",16,1
103,"msu",0.77,143.06,0.09,62,0.374748786212059,0.564014428046077,0.469381607129068,0.471806992573352,41,20,19,12,64,21,"m",15,5
104,"msu",0.63,146.21,0.06,27,0.42663608608897,0.069236281844684,0.247936183966827,-1.08627590684905,39,20,17,12,45,35,"f",15,2
105,"msu",0.88,90.24,0,46,-0.495310635850932,-0.920320010558102,-0.707815323204517,0.973043774519239,31,15,18,8,29,20,"m",13,1
106,"msu",0.73,154.52,0.03,48,0.563519724811867,-0.425541864356709,0.0689889302275791,0.0806240638427265,43,14,21,15,44,25,"m",17,1
107,"msu",0.71,133.71,0.06,NA,0.220734102450435,0.069236281844684,0.14498519214756,NA,28,13,13,10,45,20,"m",12,1
108,"msu",0.71,119.48,0.14,55,-0.0136647157236721,1.38864467171507,0.687489977995696,-0.0994931187982647,40,19,17,14,58,18,"f",12,2
109,"msu",0.75,97.22,0.06,35,-0.380334968187174,0.069236281844684,-0.155549343171245,-0.167383363624837,31,19,18,13,45,18,"m",12,1
110,"msu",0.83,239.41,0.08,36,1.96184127609788,0.399088379312279,1.18046482770508,-0.611232071564735,40,14,19,14,40,18,"f",12,1
111,"msu",0.6,96.59,0,46,-0.390712428162556,-0.920320010558102,-0.655516219360329,-0.0295142894804395,41,19,20,14,56,18,"f",12,2
112,"msu",0.73,68.75,0.03,52,-0.849297326122299,-0.425541864356709,-0.637419595239504,0.617163107373475,41,20,20,13,44,19,"f",12,1
113,"msu",0.77,130.68,0.03,19,0.170823461616455,-0.425541864356709,-0.127359201370127,-0.660999720598601,32,13,18,13,42,18,"m",12,1
114,"msu",0.65,246.73,0.06,20,2.08241747771661,0.069236281844684,1.07582687978065,-1.72465575928983,37,18,19,14,60.5,18,"f",12,7
115,"msu",0.58,157.14,0.09,61,0.606676780582504,0.564014428046077,0.58534560431429,-0.28823793008367,40,16,21,13,47,19,"f",13,1
116,"msu",0.67,96.1,0.03,48,-0.398783785921187,-0.425541864356709,-0.412162825138948,0.144410520432657,41,20,19,15,48,18,"m",12,1
117,"msu",0.58,106.81,0.06,45,-0.22236696633969,0.069236281844684,-0.0765653422475032,-0.460831067414849,39,15,16,11,42.5,19,"m",12,1
118,"msu",0.83,138.54,0.03,35,0.300294628928365,-0.425541864356709,-0.0626236177141721,0.0580203086843488,41,19,20,14,53,19,"f",13,1
119,"msu",0.71,164.44,0.03,63,0.726923539027408,-0.425541864356709,0.150690837335349,0.477856155222595,41,18,19,13,55,18,"f",12,1
120,"msu",0.38,140.44,0,43,0.331591730441422,-0.920320010558102,-0.29436414005834,-1.10094956697935,39,17,19,13,37.5,19,"f",12,6
121,"msu",0.65,90.35,0.03,48,-0.493498698394912,-0.425541864356709,-0.459520281375811,0.101712252070869,42,17,20,12,42.5,18,"f",12,2
122,"msu",0.75,156.88,0.11,75,0.602394019322822,0.893866525513672,0.748130272418247,0.68913736091792,40,17,20,15,38,20,"m",14,1
123,"msu",0.63,160.8,0.06,35,0.666964881391867,0.069236281844684,0.368100581618275,-0.880695007925099,34,18,19,11,49,20,"m",14,2
124,"msu",0.56,85.57,0,50,-0.572235616938288,-0.920320010558102,-0.746277813748195,0.0196423339287695,30,16,18,11,38,18,"m",12,1
125,"msu",0.56,187.53,0.24,56,1.10726568320451,3.03790515905304,2.07258542112877,-1.37033563741778,32,18,17,13,72,20,"f",12,2
126,"msu",0.75,68.52,0.03,33,-0.853085922621249,-0.425541864356709,-0.639313893488979,0.0379784769140703,41,16,17,13,65.5,19,"f",13,1
127,"msu",0.79,NA,NA,65,NA,NA,NA,NA,31,12,17,13,39,18,"f",12,1
128,"msu",0.71,108.64,0.06,49,-0.192222915935009,0.069236281844684,-0.0614933170451625,0.119162766917809,40,20,19,14,54.5,19,"f",12,2
129,"washu",0.75,200.97,0.03,54,1.32865149601266,-0.425541864356709,0.451554815827976,0.138817050742816,45,21,21,15,35,19,"f",13,1
130,"washu",0.67,76.13,-0.03,64,-0.727732794982109,-1.41509815675949,-1.0714154758708,1.06463547469114,41,19,19,15,44,22,"f",15,2
131,"washu",0.75,87.84,0.09,45,-0.53484381670953,0.564014428046077,0.0145853056682734,0.0783150742218995,44,21,23,17,38,20,"f",15,1
132,"washu",0.73,115.06,0,45,-0.0864716571382579,-0.920320010558102,-0.50339583384818,0.30193752506559,45,23,25,20,34,21,"f",15,3
133,"washu",0.88,37.33,0.08,57,-1.36685255219612,0.399088379312279,-0.48388208644192,1.22249576327824,42,19,24,16,38,17,"m",12,7
134,"washu",0.69,64.77,0,75,-0.914856517712809,-0.920320010558102,-0.917588264135455,1.42325701220445,43,20,21,14,31,20,"f",14,7
135,"washu",0.52,77.63,0,63,-0.703024556945485,-0.920320010558102,-0.811672283751793,0.362222155847806,45,19,22,15,40,18,"f",13,1
136,"washu",0.9,63.8,0.11,45,-0.930834511643159,0.893866525513672,-0.0184839930647435,0.618258577771524,39,17,18,15,29,18,"m",12,2
137,"washu",0.77,137.84,0.06,75,0.288764117844607,0.069236281844684,0.179000199844645,1.08069907981811,46,21,23,15,60,19,"f",13,1
138,"washu",0.96,41.6,0.14,68,-1.2965164345852,1.38864467171507,0.0460641185649346,1.57676771857724,41,20,23,16,46,18,"f",13,1
139,"washu",0.88,87.99,0,57,-0.532372992905868,-0.920320010558102,-0.726346501731985,1.35970368492765,24,11,14,9,34,21,"m",15,1
140,"washu",0.83,139.26,0,56,0.312154583185944,-0.920320010558102,-0.304082713686079,0.912808400840223,41,19,20,13,37,19,"m",13,1
141,"washu",0.77,46.18,0.06,68,-1.22107394778004,0.069236281844684,-0.575918832967677,1.26851635892143,42,19,22,15,40,20,"m",13,1
142,"washu",0.73,51.98,0.03,52,-1.12553542737176,-0.425541864356709,-0.775538645864233,0.695323145223722,34,18,19,13,44,20,"m",13,2
143,"washu",0.79,70.71,0.09,31,-0.817011895087777,0.564014428046077,-0.12649873352085,-0.181618425663328,42,17,19,13,50,21,"m",15,1
144,"washu",0.58,51.84,0.03,75,-1.12784152958851,-0.425541864356709,-0.776691696972609,0.961289908668803,43,19,21,16,53,20,"F",15,2
145,"washu",0.58,198.23,0.07,16,1.28351778119909,0.234162330578482,0.758840055888787,-1.92530737804556,36,19,18,13,32,22,"f",11,2
146,"washu",0.75,37.25,0.11,69,-1.36817032489141,0.893866525513672,-0.237151899688867,1.04151215863007,40,18,21,13,57,19,"f",13,2
147,"washu",0.67,137.71,0.09,29,0.286622737214766,0.564014428046077,0.425318582630422,-0.979264833603739,44,18,21,14,36,21,"m",15,2
148,"washu",0.88,124.8,0.03,68,0.0739671685128879,-0.425541864356709,-0.17578734792191,1.42432169224939,43,18,22,15,49,20,"f",14,2
149,"washu",0.75,51.06,0,69,-1.14068981336755,-0.920320010558102,-1.03050491196283,1.49046182333938,41,20,21,15,41,23,"m",16,1
150,"washu",0.71,85.97,0.11,28,-0.565646753461855,0.893866525513672,0.164109886025909,-0.726652651420273,41,23,23,15,26,19,"f",13,1
151,"washu",0.79,16.27,0,58,-1.71375621423032,-0.920320010558102,-1.31703811239421,1.41542911377208,43,20,22,15,56,20,"m",13,2
152,"washu",0.77,77.09,0.03,54,-0.711919522638669,-0.425541864356709,-0.568730693497689,0.785682624204638,43,23,22,18,38,22,"f",15,2
153,"washu",0.65,184.94,0.21,55,1.0646027921946,2.54312701285165,1.80386490252313,-0.939729280395491,42,17,19,14,49,20,"f",14,3
154,"washu",0.88,84.93,0.03,48,-0.582777798500581,-0.425541864356709,-0.504159831428645,0.926192541451226,41,19,19,14,34,18,"m",12,1
155,"washu",0.85,111.62,0,36,-0.143135883035582,-0.920320010558102,-0.531727946796842,0.427176144207685,42,20,24,NA,49,22,"f",15,2
156,"washu",0.56,126.42,0.03,33,0.100652065592442,-0.425541864356709,-0.162444899382133,-0.892101003298056,40,18,18,11,41,18,"f",12,1
157,"washu",0.77,57.21,0.03,58,-1.03938603741739,-0.425541864356709,-0.732463950887052,1.01512775634881,42,21,22,13,42,18,"f",12,7
158,"washu",0.79,99.98,0.06,36,-0.334871810199786,0.069236281844684,-0.132817764177551,-0.00705468264306842,41,20,22,15,54,19,"f",13,1
159,"washu",0.69,174.99,0.03,37,0.900704813218331,-0.425541864356709,0.237581474430811,-0.529948562472886,38,19,17,14,34,18,"m",12,2
160,"washu",0.73,11.39,0,62,-1.79414034864281,-0.920320010558102,-1.35723017960045,1.36647167573426,42,22,23,13,46,18,"m",12,1
161,"washu",0.9,14.97,0.03,68,-1.73517002052873,-0.425541864356709,-1.08035594244272,2.00570434789392,41,18,17,15,34,19,"m",12,5
162,"washu",0.67,154.89,0.08,10,0.569614423527567,0.399088379312279,0.484351401419923,-1.66242477065793,42,21,22,17,39,19,"f",13,2
163,"washu",0.65,131.69,0.03,34,0.187460341894448,-0.425541864356709,-0.11904076123113,-0.569727375973941,42,20,20,14,57,20,"f",15,1
164,"washu",0.65,114.44,0.03,55,-0.0966843955267292,-0.425541864356709,-0.261113129941719,0.228818870256835,43,19,20,14,45,NA,"f",14,2
165,"washu",0.75,84.87,0.2,48,-0.583766128022046,2.37820096411785,0.897217418047903,-0.318563918161861,38,16,20,10,36,18,"f",12,2
166,"washu",0.77,NA,NA,53,NA,NA,NA,NA,45,18,21,16,43,21,"M",14,1
167,"washu",0.65,103.72,0,56,-0.273265936695136,-0.920320010558102,-0.596792973626619,0.452973943034785,42,18,21,17,52,21,"f",15,1
168,"washu",0.77,69.49,0,68,-0.837107928690898,-0.920320010558102,-0.8787139696245,1.43986476621877,33,23,23,20,56,20,"m",14,1
169,"washu",0.96,109.79,0.06,24,-0.173279933440264,0.069236281844684,-0.0520218257977899,0.127580177313177,40,16,18,14,46,19,"f",13,1
170,"washu",0.81,55.98,0,61,-1.05964679260743,-0.920320010558102,-0.989983401582764,1.40244253417929,41,19,20,15,60,22,"m",16,3
171,"washu",0.67,65.91,-0.06,45,-0.896078256804975,-1.90987630296089,-1.40297727988293,0.602508699711208,40,18,20,14,47,22,"m",15,1
172,"washu",0.85,97.2,0.03,37,-0.380664411360996,-0.425541864356709,-0.403103137858852,0.388586367097754,43,18,22,17,54,22,"f",15,4
173,"washu",0.58,181.62,0.03,31,1.00991522534021,-0.425541864356709,0.29218668049175,-1.14826979089883,41,17,21,14,30,19,"f",13,3
174,"washu",0.65,86.92,0.06,40,-0.549998202705326,0.069236281844684,-0.240380960430321,-0.295876855484071,34,19,15,13,50,18,"f",12,2
175,"washu",0.58,115.51,0.03,68,-0.0790591857272706,-0.425541864356709,-0.25230052504199,0.425159741184226,39,18,20,12,30,19,"f",13,2
176,"washu",0.69,88.71,0.09,50,-0.520513038648288,0.564014428046077,0.0217506946988943,0.0367561520314168,41,21,20,15,27,19,"f",13,1
177,"washu",0.85,62.19,0.06,53,-0.957354687135802,0.069236281844684,-0.444059202645559,0.95892414546293,40,20,21,16,51,18,"f",12,1
178,"washu",0.9,NA,NA,46,NA,NA,NA,NA,43,22,23,18,59,21,"m",15,1
179,"washu",0.6,75.1,0,35,-0.744699118433924,-0.920320010558102,-0.832509564496013,-0.305529041954155,39,18,19,13,54,20,"f",14,1
180,"washu",0.88,55.91,0.03,61,-1.0607998437158,-0.425541864356709,-0.743170854036255,1.50601469813564,42,20,21,13,38,20,"f",13,1
181,"washu",0.88,184.39,0,43,1.05554310491451,-0.920320010558102,0.0676115471782032,0.431645590333372,40,17,22,14,38,18,"f",12,2
182,"washu",0.65,88.7,0,61,-0.520677760235199,-0.920320010558102,-0.72049888539665,0.693965619272374,37,18,19,14,30,21,"M",15,1
183,"washu",0.69,86.2,0.03,36,-0.561858156962906,-0.425541864356709,-0.493700010659807,-0.150322060843504,35,18,19,13,34,20,"F",14,2
184,"washu",0.75,45.82,0.06,71,-1.22700392490883,0.069236281844684,-0.578883821532071,1.30328961001005,36,15,19,14,54,19,"m",12,1
185,"washu",0.81,79.58,0.08,39,-0.670903847497873,0.399088379312279,-0.135907734092797,0.166783948514879,43,19,21,18,58,20,"F",14,2
186,"washu",0.81,51.57,0,61,-1.1322890124351,-0.920320010558102,-1.0263045114966,1.4229962471739,37,18,20,16,41,20,"M",14,7
187,"washu",0.77,28.89,0.06,58,-1.50587757154886,0.069236281844684,-0.718320644852087,1.00712421643147,39,17,19,14,41,20,"F",14,1
188,"washu",0.79,142.35,0.03,71,0.36305355354139,-0.425541864356709,-0.0312441554076595,1.13238105537562,39,18,19,12,36,21,"F",15,7
189,"washu",0.92,50.84,0.03,72,-1.14431368827959,-0.425541864356709,-0.78492777631815,2.04481245367643,38,16,17,9,NA,19,"m",13,2
190,"washu",0.67,60.77,0.06,35,-0.98074515247714,0.069236281844684,-0.455754435316228,-0.27548994279138,37,18,20,13,48,19,"F",12,6
191,"washu",0.79,140.54,0,69,0.33323894631053,-0.920320010558102,-0.293540532123786,1.21241651441225,44,20,22,18,33,20,"f",14,2
192,"washu",0.73,94.67,0.03,75,-0.422338972849435,-0.425541864356709,-0.423940418603072,1.28290182962108,40,18,19,14,38,20,"M",14,2
193,"washu",0.88,139.02,0.06,71,0.308201265100085,0.069236281844684,0.188718773472384,1.32064444780293,38,20,18,13,45,19,"f",13,3
194,"washu",0.85,81.97,0.03,69,-0.631535388226186,-0.425541864356709,-0.528538626291447,1.55389130956756,43,17,19,17,55,20,"F",15,1
195,"washu",0.58,59.69,0.06,68,-0.998535083863509,0.069236281844684,-0.464649401009413,0.545325613364784,40,20,21,11,56,19,"F",13,1
196,"washu",0.9,186.75,0.14,68,1.09441739942546,1.38864467171507,1.24153103557026,0.691774276230083,43,18,22,12,35,22,"M",16,1
197,"washu",0.77,29.97,0,56,-1.48808764016249,-0.920320010558102,-1.20420382536029,1.2136849662818,41,21,21,16,46,20,"f",15,2
198,"washu",0.94,54.93,0.11,75,-1.07694255923306,0.893866525513672,-0.0915380168596954,1.82452093578141,17,10,16,9,71,21,"m",15,2
199,"washu",0.77,92.11,0.09,57,-0.464507699098607,0.564014428046077,0.0497533644737351,0.538282084193892,45,24,24,16,39,20,"M",14,1
200,"washu",0.88,41.82,0,71,-1.29289255967316,-0.920320010558102,-1.10660628511563,2.05365452244275,39,21,20,16,47,21,"M",15,2
201,"washu",0.81,80.59,0.06,75,-0.65426696721988,0.069236281844684,-0.292515342687598,1.48651914678644,37,18,21,16,27,21,"M",15,3
202,"washu",0.48,102.75,0.03,38,-0.289243930625486,-0.425541864356709,-0.357392897491098,-0.888783530093252,33,17,17,0,42,26,"M",12,3
203,"washu",0.81,94.07,0.03,68,-0.432222268064085,-0.425541864356709,-0.428882066210397,1.32430453899398,36,19,20,16,37,21,"F",15,2
204,"washu",0.66,125.51,0,56,0.0856624011835568,-0.920320010558102,-0.417328804687272,0.386165825221795,39,18,21,12,28,19,"M",13,3
205,"washu",0.63,99.84,0,48,-0.337177912416537,-0.920320010558102,-0.628748961487319,0.127979556726079,39,20,20,17,49,19,"M",13,7
206,"washu",0.75,57.61,0.03,61,-1.03279717394096,-0.425541864356709,-0.729169519148835,1.04635887095764,43,18,20,15,42,22,"M",16,1
207,"washu",0.75,49.61,0.06,68,-1.16457444346962,0.069236281844684,-0.54766908081247,1.18303281044841,42,22,22,17,44,20,"F",15,3
208,"washu",0.77,181.13,0.2,55,1.00184386758158,2.37820096411785,1.69002241584971,-0.458323117124747,45,22,24,16,30,22,"f",15,1
209,"washu",0.94,45.71,0,44,-1.22881586236485,-0.920320010558102,-1.07456793646147,1.32068184028384,34,21,23,14,53,20,"m",14,5
210,"washu",0.73,142.94,0,49,0.372772127169129,-0.920320010558102,-0.273773941694486,0.30878734368992,34,18,17,10,42,20,"F",14,2
211,"washu",0.79,63.74,0,55,-0.931822841164624,-0.920320010558102,-0.926071425861363,1.09159268074003,44,20,21,17,41,18,"f",12,1
212,"washu",0.75,92.33,0,29,-0.460883824186569,-0.920320010558102,-0.690601917372335,-0.0697884985466614,23,12,15,7,52.5,27,"m",16,6
213,"washu",0.65,62.79,0.03,12,-0.947471391921153,-0.425541864356709,-0.686506628138931,-1.00095138413673,42,17,19,13,42,19,"f",13,1
214,"washu",0.58,87.26,0.03,55,-0.544397668750358,-0.425541864356709,-0.484969766553533,0.112256211076056,41,19,24,14,55,20,"F",14,55
215,"washu",0.44,44.42,0,45,-1.25006494707634,-0.920320010558102,-1.08519247881722,-0.376541455746402,41,18,17,15,41,20,"f",15,7
216,"washu",0.83,NA,NA,55,NA,NA,NA,NA,46,18,21,18,28,21,"m",15,1
217,"washu",0.92,314.8,0.03,26,3.20367731981861,-0.425541864356709,1.38906772773095,-0.758515912292139,29,21,17,6,39,19,"M",13,2
218,"washu",0.54,137.14,0.03,50,0.277233606760849,-0.425541864356709,-0.0741541287979301,-0.430202327152698,42,19,20,15,61,21,"f",15,2
219,"washu",0.9,112.07,0,44,-0.135723411624595,-0.920320010558102,-0.528021711091349,0.872402742616898,43,20,20,17,43,20,"F",14,1
220,"washu",0.81,33.06,0.14,55,-1.43718866980704,1.38864467171507,-0.0242719990459886,0.650771720876687,43,19,20,13,32,18,"f",12,5
221,"washu",0.81,168.77,0,47,0.798247986159796,-0.920320010558102,-0.0610360121991528,0.39799546997466,34,13,18,16,34,20,"m",13,5
222,"washu",0.81,192.91,0.03,68,1.19588589696253,-0.425541864356709,0.385172016302912,0.863640368384649,42,18,19,16,40,19,"f",12,1
223,"washu",0.73,112.4,0.03,64,-0.130287599256538,-0.425541864356709,-0.277914731806623,0.824094191966287,44,18,22,13,55,18,"F",12,2
224,"washu",0.69,87.47,0,44,-0.540938515425231,-0.920320010558102,-0.730629262991666,0.257334171443489,36,18,20,15,47,21,"f",15,2
225,"washu",0.69,66.37,-0.03,61,-0.888501063807076,-1.41509815675949,-1.15179961028329,1.07702856725455,43,19,25,13,46,21,"F",14,2
226,"washu",0.75,131.93,0.08,48,0.191413659980308,0.399088379312279,0.295251019646294,0.0220821858392556,43,20,20,12,44,1,"f",12,2
227,"washu",0.75,69.69,0,26,-0.833813496952682,-0.920320010558102,-0.877066753755392,-0.0668628413174775,41,18,17,11,47,33,"m",16,1
228,"washu",0.83,141.03,0.03,53,0.341310304069161,-0.425541864356709,-0.042115780143774,0.661971496336706,37,18,17,10,55,21,"f",14,1
229,"washu",0.65,253.5,0.03,75,2.19393399205524,-0.425541864356709,0.884196063849264,0.264652603382607,NA,NA,NA,NA,33,19,"f",13,3
230,"washu",0.67,91.23,0.03,36,-0.47900319874676,-0.425541864356709,-0.452272531551734,-0.243262738747669,NA,NA,NA,NA,45.5,19,"f",13,1
231,"washu",0.85,72.73,0.16,61,-0.78373813453179,1.71849676918266,0.467379317325435,0.716731800430456,NA,NA,NA,NA,29,18,"m",12,1
232,"washu",0.71,103.6,0,71,-0.275242595738066,-0.920320010558102,-0.597781303148084,1.17498883061507,NA,NA,NA,NA,48,21,"f",15,3
233,"washu",0.67,-1.79,0,75,-2.01124340019128,-0.920320010558102,-1.46578170537469,1.66397626928533,43,20,22,15,35,19,"M",13,7
234,"washu",0.92,27.57,0.14,68,-1.52762082102109,1.38864467171507,-0.0694880746530108,1.50316276776667,45,22,23,14,56,20,"f",14,1
235,"washu",0.46,78.85,0.06,45,-0.682928523342364,0.069236281844684,-0.30684612074884,-0.747501694135406,39,18,19,14,34,18,"m",12,1
236,"washu",0.6,69.75,0,51,-0.832825167431217,-0.920320010558102,-0.876572588994659,0.266566930429775,43,21,23,16,36,21,"m",16,1
237,"washu",0.67,57.87,0.03,44,-1.02851441268128,-0.425541864356709,-0.727028138518994,0.185799007816082,41,21,19,14,37,21,"f",16,2
238,"washu",0.77,-28.09,0.08,68,-2.44446117376675,0.399088379312279,-1.02268639722724,1.52133716513784,42,19,20,15,37,18,"m",14,1
239,"washu",0.81,3.24,0.06,61,-1.92838844197513,0.069236281844684,-0.929576080065223,1.36825870135617,43,19,21,18,45,18,"m",12,2
240,"washu",0.81,29.92,0,68,-1.48891124809704,-0.920320010558102,-1.20461562932757,1.76328355297288,34,27,23,18,31,21,"f",14,3
241,"washu",0.81,NA,NA,50,NA,NA,NA,NA,14,10,12,7,53,20,"m",14,1
242,"washu",0.81,67.16,0,75,-0.875488058441121,-0.920320010558102,-0.897904034499611,1.82910188864658,21,13,15,10,42,20,"f",15,2
243,"washu",0.75,131.38,0,57,0.182353972700212,-0.920320010558102,-0.368983018928945,0.705743029009229,40,18,18,11,55,19,"M",12,1
244,"washu",0.69,43.14,0,48,-1.27114931020093,-0.920320010558102,-1.09573466037952,0.600733562707436,31,28,23,19,41,21,"m",15,2
245,"washu",0.75,NA,NA,63,NA,NA,NA,NA,40,17,19,13,55,18,"F",12,3
246,"washu",0.88,147.76,0,47,0.452167932060147,-0.920320010558102,-0.234076039248977,0.739157546209906,39,23,26,22,49,18,"m",12,2
247,"washu",0.9,103.8,0.11,33,-0.27194816399985,0.893866525513672,0.310959180756911,0.0214594451063685,38,18,18,12,42,20,"F",12,1
248,"washu",0.71,222.76,0.09,51,1.68757983389135,0.564014428046077,1.12579713096871,-0.484316571126653,45,18,18,13,NA,18,"f",12,1
249,"washu",0.6,111.21,0,58,-0.149889468098927,-0.920320010558102,-0.535104739328514,0.312717087228812,40,17,17,14,35,19,"m",12,3
250,"washu",0.81,138.54,0.03,58,0.300294628928365,-0.425541864356709,-0.0626236177141721,0.775067200461611,43,19,20,17,32,18,"f",13,2
251,"washu",0.9,125.3,0.03,52,0.0822032478584293,-0.425541864356709,-0.17166930824914,0.944327470708623,42,20,22,14,26,21,"m",15,1
252,"washu",0.96,182.9,0.05,65,1.0309995884648,-0.0956897668891135,0.467654910787841,1.23560144401327,40,21,20,11,36,19,"m",13,1
253,"washu",0.67,103.19,-0.02,48,-0.28199618080141,-1.2501721080257,-0.766084144413553,0.344690667055385,18,13,14,8,41,20,"m",13,1
254,"washu",0.73,99.54,0,44,-0.342119560023862,-0.920320010558102,-0.631219785290982,0.340074105807218,42,17,20,13,36,18,"m",12,2
255,"washu",0.71,63.29,0,75,-0.939235312575611,-0.920320010558102,-0.929777661566856,1.49965218418325,38,20,22,15,50,19,"m",12,2
256,"washu",0.77,96.25,0.03,39,-0.396312962117524,-0.425541864356709,-0.410927413237117,0.183419878158622,42,19,23,14,65,21,"f",15,1
257,"suny",0.85,94.15,0.03,14,-0.430904495368798,-0.425541864356709,-0.428223179862753,-0.383742698956363,40,20,18,16,48,20,"F",13,1
258,"suny",0.92,129.65,0.03,43,0.153857138164639,-0.425541864356709,-0.135842363096035,0.685772554657875,45,18,20,18,57,20,"m",14,2
259,"suny",0.65,47.8,0.03,34,-1.19438905070048,-0.425541864356709,-0.809965457528596,-0.178740758486925,35,15,20,13,47,21,"F",14,1
260,"suny",0.63,179.53,0.21,30,0.975488413675846,2.54312701285165,1.75930771326375,-1.83895155727471,38,18,20,16,50,19,"F",12,2
261,"suny",0.9,61.33,0.08,48,-0.971520743610133,0.399088379312279,-0.286216182148927,0.872357976401169,42,21,22,18,30,22,"M",15,2
262,"suny",0.81,41.93,0.12,64,-1.29108062221714,1.05879257424747,-0.116144023984834,1.01053925282334,44,19,21,19,43,21,"M",14,2
263,"suny",0.85,84.13,0.15,61,-0.595955525453447,1.55357072044886,0.478807597497708,0.710264663516411,31,18,21,13,44,24,"F",15,2
264,"suny",0.81,207.54,0.18,38,1.43687357861307,2.04834886665026,1.74261122263166,-0.930446655310953,41,20,21,15,34,22,"F",16,1
265,"suny",0.46,166.04,0.11,11,0.75327899293314,0.893866525513672,0.823572759223406,-2.54991073366679,31,17,18,9,41,22,"M",15,1
266,"suny",0.94,84.83,0.03,45,-0.584425014369689,-0.425541864356709,-0.504983439363199,1.03255786958403,40,21,21,17,47,21,"M",15,2
267,"suny",0.81,177.71,0.12,44,0.945509084858076,1.05879257424747,1.00215082955277,-0.306242888338326,40,17,20,14,40,20,"F",14,1
268,"suny",0.63,90.59,0.03,65,-0.489545380309052,-0.425541864356709,-0.457543622332881,0.612455125990263,35,15,15,7,44,19,"F",13,2
269,"suny",0.67,206.71,0.45,37,1.42320168689948,6.50135218246279,3.96227693468113,-2.70720971258235,35,17,17,10,47,21,"M",15,1
270,"suny",0.79,127.7,0.06,55,0.121736428717028,0.069236281844684,0.095486355280856,0.513504470032365,37,18,18,11,45,20,"F",14,1
271,"suny",0.79,179.22,0.1,9,0.970382044481611,0.728940476779875,0.849661260630743,-1.48636317684679,41,20,20,15,67,21,"F",15,1
272,"suny",0.98,191.99,0.06,37,1.18073151096674,0.069236281844684,0.624983896405711,0.258535951669722,39,16,18,13,40,23,"F",NA,1
273,"suny",0.75,172.83,0.03,31,0.865124950445592,-0.425541864356709,0.219791543044442,-0.516574904419071,38,18,19,12,63,20,"M",13,1
274,"suny",0.71,153.13,0.2,51,0.540623424231262,2.37820096411785,1.45941219417456,-0.673105632806699,44,19,20,15,51,22,"F",15,1
275,"suny",0.92,90.62,0,56,-0.48905121554832,-0.920320010558102,-0.704685613053211,1.45224310819464,40,20,21,13,42,21,"F",15,1
276,"suny",0.63,78.8,0.06,37,-0.683752131276918,0.069236281844684,-0.307257924716117,-0.430121975097565,38,20,17,13,36,19,"F",13,1
277,"suny",0.69,163.05,0.09,56,0.704027238446803,0.564014428046077,0.63402083324644,-0.104535275720224,33,15,15,13,36,18,"M",12,1
278,"suny",0.44,75.8,0.12,68,-0.733168607350166,1.05879257424747,0.162811983448652,-0.29622911107743,40,20,19,13,37,21,"m",15,3
279,"suny",0.79,45.26,0.03,49,-1.23622833377583,-0.425541864356709,-0.830885099066271,0.832542346377914,39,20,19,16,44,20,"M",13,1
280,"suny",0.58,147.32,0.09,61,0.444920182236071,0.564014428046077,0.504467305141074,-0.242469798199983,40,16,19,11,42,20,"F",13,1
281,"suny",0.63,187.76,0.03,36,1.11105427970346,-0.425541864356709,0.342756207673374,-0.832155333250746,30,15,14,13,54,19,"f",13,1
282,"suny",0.73,192.75,0,68,1.19325035157196,-0.920320010558102,0.136465170506929,0.72639150315653,32,14,15,9,36,21,"M",14,3
283,"suny",0.88,79.39,0.06,39,-0.674033557649179,0.069236281844684,-0.302398637902248,0.504239948593084,40,19,18,8,37,22,"F",15,2
284,"suny",0.65,152.44,0.03,59,0.529257634734415,-0.425541864356709,0.0518578851888529,0.188502345229138,31,16,17,16,31,19,"M",1,1
285,"suny",0.75,112.45,0.06,41,-0.129463991321984,0.069236281844684,-0.0301138547386499,-0.0331804659544074,40,15,21,12,49,18,"f",12,1
286,"suny",0.44,89.15,0.11,54,-0.513265288824212,0.893866525513672,0.19030061834473,-0.790550670853146,35,17,17,14,35,18,"M",12,1
287,"suny",0.69,77.12,0,43,-0.711425357877937,-0.920320010558102,-0.815872684218019,0.271374902710712,43,19,19,12,35,21,"F",15,2
288,"suny",0.56,153.55,0,39,0.547541730881517,-0.920320010558102,-0.186389139838292,-0.6733657749231,39,16,18,13,37,18,"F",12,1
289,"suny",0.69,141.66,0.09,28,0.351687764044543,0.564014428046077,0.45785109604531,-0.962374869372439,42,18,19,16,49,21,"F",15,1
290,"suny",0.6,73.94,0.03,62,-0.76380682251558,-0.425541864356709,-0.594674343436145,0.483217164029098,37,19,18,13,41,19,"F",13,1
291,"suny",0.46,171.85,0.09,39,0.848982234928331,0.564014428046077,0.706498331487204,-1.52612752161294,37,16,18,11,46,20,"M",13,3
292,"suny",0.75,123.1,0.08,27,0.0459644987380472,0.399088379312279,0.222526439025163,-0.654912850663765,37,18,16,12,49,19,"F",13,1
293,"suny",0.56,251.52,0.03,34,2.16131911784689,-0.425541864356709,0.867888626745092,-1.44095773595561,32,15,14,12,39,22,"F",16,2
294,"suny",0.85,123.53,0.11,15,0.0530475269752129,0.893866525513672,0.473457026244443,-0.859795945658557,34,13,13,11,46,20,"M",14,1
295,"suny",0.85,201.42,0.06,49,1.33606396742365,0.069236281844684,0.702650124634166,0.173223764813862,30,16,14,13,36,21,"M",14,1
296,"suny",0.73,134.82,0.2,44,0.239018198597537,2.37820096411785,1.30860958135769,-0.757653803807711,39,16,21,15,53,18,"M",12,1
297,"suny",NA,231.7,0.03,44,1.83484093258963,-0.425541864356709,0.704649534116462,NA,40,17,18,13,22,21,"F",15,2
298,"suny",0.6,77.03,0.03,46,-0.712907852160134,-0.425541864356709,-0.569224858258422,-0.0783456130333317,37,17,17,11,37,20,"M",14,3
299,"suny",0.56,103.89,0.03,0,-0.270465669717652,-0.425541864356709,-0.348003767037181,-1.91561526593324,41,23,22,16,41,35,"F",NA,1
300,"suny",0.83,200.84,0.03,30,1.32651011538282,-0.425541864356709,0.450484125513055,-0.403329542243741,32,16,15,8,44,22,"M",17,1
301,"suny",0.69,93.48,0,42,-0.441940841691823,-0.920320010558102,-0.681130426124962,0.160928179536665,41,22,20,16,39,22,"f",15,1
302,"suny",0.63,138.9,0.03,55,0.306224606057155,-0.425541864356709,-0.0596586291497771,0.0453206768231339,43,19,18,15,51,22,"f",17,1
303,"suny",0.58,163.01,0.03,26,0.703368352099159,-0.425541864356709,0.138913243871225,-1.23252192790542,32,13,15,12,32,22,"f",15,3
304,"suny",0.46,233.5,0,36,1.86449081823358,-0.920320010558102,0.47208540383774,-1.49606857168243,32,20,17,10,59,24,"f",5,1
305,"suny",0.65,161.08,0.03,64,0.67157708582537,-0.425541864356709,0.123017610734331,0.319221720003587,36,16,17,13,49,20,"f",15,2
306,"suny",0.69,201.07,0.24,37,1.33029871188177,3.03790515905304,2.1841019354674,-1.6314628881416,38,17,19,10,43,20,"f",15,2
307,"suny",0.85,166.28,0.15,40,0.757232311019,1.55357072044886,1.15540151573393,-0.390761395265411,29,18,13,12,51,20,"m",15,5
308,"suny",0.6,128.77,0,31,0.139361638516487,-0.920320010558102,-0.390479186020808,-0.692459426272444,40,19,19,14,47,27,"m",16,7
309,"suny",0.73,194.73,0.09,57,1.2258652257803,0.564014428046077,0.89493982691319,-0.0789942092065022,40,18,17,12,42,21,"f",15,1
310,"suny",0.6,-0.33,0.06,35,-1.98719404850229,0.069236281844684,-0.958978883328806,-0.233961458031765,42,21,24,16,33,27,"m",10,1
311,"suny",0.92,237.11,0.03,50,1.92395531110839,-0.425541864356709,0.749206723375841,0.424316122421949,34,16,17,14,48,23,"m",5,2
312,"suny",0.69,83.15,0.09,59,-0.612098240970708,0.564014428046077,-0.0240419064623156,0.370447849469458,35,19,19,13,56,24,"f",16,7
313,"suny",0.65,110.96,0.03,57,-0.154007507771697,-0.425541864356709,-0.289774686064203,0.313433276250652,37,18,20,14,54,26,"f",18,1
314,"suny",0.85,155.81,0.11,62,0.584768809523364,0.893866525513672,0.739317667518518,0.597042480873007,35,17,16,14,58,21,"m",15,1
315,"suny",0.85,98.41,0.4,9,-0.360733099344786,5.6767219387938,2.65799441972451,-2.30118686023687,30,13,14,13,47,21,"m",14,1
316,"suny",0.5,57.59,0.08,63,-1.03312661711478,0.399088379312279,-0.317019118901252,0.0128060924547585,33,15,19,12,48,21,"f",15,2
317,"suny",0.69,51.06,0.03,62,-1.14068981336755,-0.425541864356709,-0.783115838862131,0.902592087541987,37,15,17,12,47,20,"f",13,1
318,"suny",0.79,111.38,0.03,48,-0.147089201121442,-0.425541864356709,-0.286315532739076,0.490178897895082,41,16,22,18,47,34,"m",16,2
319,"suny",0.81,101.43,0,43,-0.310987180097716,-0.920320010558102,-0.615653595327909,0.575057105946082,36,15,18,12,37,19,"m",13,2
320,"suny",0.52,183.87,0.06,41,1.04697758239515,0.069236281844684,0.558106932119915,-1.16526734436973,41,17,19,13,48,20,"f",14,1
321,"suny",0.79,99.24,0.03,37,-0.347061207631187,-0.425541864356709,-0.386301535993948,0.17058654530808,46,19,22,16,46,23,"m",18,1
322,"suny",0.79,252.32,0.06,27,2.17449684479976,0.069236281844684,1.12186656332222,-1.02484479127129,35,17,17,11,57,21,"f",15,1
323,"suny",0.63,128.94,0.03,28,0.14216190549397,-0.425541864356709,-0.141689979431369,-0.831593210462331,36,18,18,13,43,21,"m",15,2
324,"suny",0.52,139.55,0.06,31,0.316931509206359,0.069236281844684,0.193083895525521,-1.30068060653218,43,16,22,12,40,27,"m",16,2
325,"suny",0.5,143.24,0.03,12,0.377713774776454,-0.425541864356709,-0.0239140447901275,-1.89713512775917,34,13,18,12,39,19,"f",13,4
326,"suny",0.73,86.77,0,57,-0.552469026508989,-0.920320010558102,-0.736394518533545,0.844159791706512,39,20,19,13,46,23,"f",17,2
327,"suny",0.65,202,0.09,46,1.34561781946448,0.564014428046077,0.954816123755276,-0.767040172225093,32,18,18,13,52,21,"f",14,2
328,"suny",0.92,113.24,0.06,61,-0.116450985956029,0.069236281844684,-0.0236073520556723,1.23781635286699,32,20,20,15,63,27,"m",17,2
329,"suny",0.88,149.52,0.06,65,0.481158931356453,0.069236281844684,0.275197606600569,1.06652158746781,42,21,21,17,45,28,"m",18,3
330,"suny",0.92,57.94,0,58,-1.0273613615729,-0.920320010558102,-0.973840686065503,1.67295012630695,41,22,20,14,48,18,"m",13,1
331,"suny",0.63,178.24,0.06,21,0.95423932896435,0.069236281844684,0.511737805404517,-1.4407437650921,35,14,17,6,45,19,"F",13,1
332,"suny",0.6,248.86,0.03,31,2.11750317572861,-0.425541864356709,0.845980655685952,-1.39215832798795,37,16,19,15,38,20,"M",13,1
333,"suny",0.56,173.96,0.26,7,0.883738489766515,3.36775725652064,2.12574787314358,-3.07610084128173,27,18,17,6,42,20,"f",13,1
334,"suny",0.81,60.2,0.03,34,-0.990134282931057,-0.425541864356709,-0.707838073643883,0.319445106461543,41,17,19,13,40,25,"M",18,2
335,"suny",0.79,130.77,0.12,26,0.172305955898652,1.05879257424747,0.615549265073061,-0.772523026236516,39,19,18,13,46,19,"m",13,2
336,"suny",0.83,117.65,0.03,68,-0.0438087661283535,-0.425541864356709,-0.234675315242531,1.28390242125738,41,18,18,15,56,31,"m",14,1
337,"suny",0.67,194.41,0,39,1.22059413499916,-0.920320010558102,0.150137062220528,-0.481566917868688,38,19,17,13,33,18,"f",13,5
338,"suny",0.92,120.06,0.08,31,-0.00411086368284418,0.399088379312279,0.197488757814718,0.0867732758849297,38,20,19,16,45,21,"m",15,1
339,"suny",0.63,21.39,0.03,69,-1.62941876173198,-0.425541864356709,-1.02748031304434,1.07176627284966,40,21,19,15,46,19,"F",13,1
340,"suny",0.98,124.32,0.03,50,0.0660605323411681,-0.425541864356709,-0.17974066600777,1.15848912202408,41,17,19,12,42,18,"m",12,1
341,"suny",0.65,226.47,0.15,43,1.74869154263527,1.55357072044886,1.65113113154207,-1.26366983138177,33,17,15,12,48,18,"m",12,2
342,"suny",0.94,61.84,0,41,-0.963119942677681,-0.920320010558102,-0.941719976617891,1.14291192998446,41,18,20,14,69,22,"m",17,1
343,"suny",0.81,117.38,0.14,55,-0.048256248974946,1.38864467171507,0.67019421137006,0.257780999855049,34,19,15,11,40,18,"f",12,2
344,"suny",0.75,169.46,0.06,61,0.809613775656643,0.069236281844684,0.439425028750664,0.385064185812557,39,17,19,15,37,20,"F",14,2
345,"suny",0.75,131.94,0.06,57,0.191578381567219,0.069236281844684,0.130407331705951,0.423143572010909,44,19,21,15,46,18,"F",12,1
346,"suny",0.56,236.57,0.13,40,1.91506034541521,1.22371862298127,1.56938948419824,-1.63274383721913,33,17,17,12,43,20,"f",15,2
347,"suny",0.73,173.99,0.18,57,0.884232654527248,2.04834886665026,1.46629076058875,-0.402315361501338,43,23,21,16,30,35,"m",13,2
348,"suny",0.56,103.01,0.06,10,-0.284961169365805,0.069236281844684,-0.10786244376056,-1.70953282818949,34,18,13,11,40,20,"F",14,2
349,"suny",0.83,113.34,0,46,-0.11480377008692,-0.920320010558102,-0.517561890322511,0.691638150219537,36,17,20,14,58,25,"m",20,1
350,"suny",0.69,132.8,0.39,30,0.20574443804155,5.51179589006001,2.85877016405078,-2.25263317415346,35,18,14,10,35,21,"f",15,2
351,"suny",0.79,149.29,0.08,32,0.477370334857504,0.399088379312279,0.438229357084892,-0.466994209827277,33,15,17,13,38,21,"M",15,1
352,"suny",0.88,167.9,0,68,0.783917208098554,-0.920320010558102,-0.0682014012297738,1.36343999904648,40,21,21,16,46,213,"M",15,2
353,"suny",0.67,83.22,0,61,-0.610945189862332,-0.920320010558102,-0.765632600210217,0.789003614829051,39,20,18,15,52,29,"f",19,4
354,"suny",0.9,159.45,0.03,54,0.644727467158905,-0.425541864356709,0.109592801401098,0.853559513893567,42,19,17,13,56,20,"m",12,2
355,"suny",0.85,149.47,0.06,38,0.480335323421899,0.069236281844684,0.274785802633292,0.0391741138856757,39,17,16,11,31,18,"F",12,2
356,"suny",0.83,116.46,0,54,-0.0634106349707422,-0.920320010558102,-0.491865322764422,0.950677345753054,44,22,20,14,56,22,"m",12,1
357,"suny",0.83,87.57,0.03,43,-0.539291299556123,-0.425541864356709,-0.482416581956416,0.569157086049701,40,19,19,14,61,21,"M",15,1
358,"suny",0.54,66.76,0.09,33,-0.882076921917554,0.564014428046077,-0.159031246935739,-0.96353007858643,33,16,19,13,56,19,"m",12,1
359,"suny",0.65,17.39,0,68,-1.69530739649631,-0.920320010558102,-1.30781370352721,1.2657035797907,40,16,17,11,28,19,"f",13,1
360,"suny",0.81,30.05,0.06,36,-1.4867698674672,0.069236281844684,-0.708766792811259,0.388365807812144,32,17,17,14,42,18,"f",12,2
361,"suny",0.65,31.77,0.06,56,-1.45843775451854,0.069236281844684,-0.694600736336928,0.508322270444422,44,21,20,17,45,18,"f",13,2
362,"suny",0.71,157.15,0.03,62,0.606841502169415,-0.425541864356709,0.0906498189063529,0.477635126452742,19,17,19,15,39,20,"F",14,1
363,"suny",0.48,127.41,0.03,44,0.116959502696614,-0.425541864356709,-0.154291180830048,-0.798531089007666,31,10,12,5,42,19,"f",13,3
364,"suny",0.6,77.28,0.09,44,-0.708789812487364,0.564014428046077,-0.0723876922206435,-0.427895400685431,40,18,18,13,41,18,"f",12,1
365,"suny",0.67,110.34,0,64,-0.164220246160168,-0.920320010558102,-0.542270128359135,0.765197995192645,43,18,17,15,43,17,"F",12,2
366,"suny",0.85,95.62,0,55,-0.406690422092906,-0.920320010558102,-0.663505216325504,1.15150135858931,41,17,17,14,38,18,"m",13,1
367,"suny",0.83,54.11,0.11,51,-1.09044972935975,0.893866525513672,-0.0982916019230393,0.625365620939675,34,14,16,12,52,22,"f",16,2
368,"suny",0.71,104.65,0.08,50,-0.257946829112429,0.399088379312279,0.0705707750999251,0.0786267376114673,40,17,19,12,36,19,"M",13,3
369,"suny",0.83,186.54,0.21,55,1.09095824610034,2.54312701285165,1.81704262947599,-0.321710464531771,32,16,17,12,42,18,"F",12,1
370,"suny",0.81,93.56,0,44,-0.440623068996537,-0.920320010558102,-0.680471539777319,0.645934436076087,35,15,16,11,41,19,"f",15,1
371,"suny",0.71,48.44,0.06,27,-1.18384686913819,0.069236281844684,-0.557305293646753,-0.352609382526864,34,16,19,14,62,20,"f",15,2
372,"suny",0.73,44.8,0.06,24,-1.24380552677373,0.069236281844684,-0.587284622464524,-0.368739810037609,34,16,19,13,39,20,"M",14,1
373,"suny",0.6,42.73,0.06,48,-1.27790289526427,0.069236281844684,-0.604333306709794,0.00991701777931617,37,17,18,12,42,19,"F",13,2
374,"suny",0.58,60.15,-0.03,62,-0.990957890865611,-1.41509815675949,-1.20302802381255,0.757980432756259,37,17,19,13,52,18,"f",12,1
375,"suny",0.69,160.48,0.06,37,0.66169379061072,0.069236281844684,0.365465036227702,-0.602316450792847,34,18,11,13,37,19,"f",12,1
376,"suny",0.73,184.06,0.12,41,1.05010729254645,1.05879257424747,1.05444993339696,-0.716420404009745,34,18,21,14,41,19,"M",12,1
377,"suny",0.65,106.62,0.16,49,-0.225496676490996,1.71849676918266,0.746500046345832,-0.546563691769349,30,14,17,12,44,18,"F",12,1
378,"suny",0.96,144.46,0.06,62,0.397809808379575,0.069236281844684,0.233523045112129,1.26550134409217,39,17,18,14,55,20,"M",14,1
379,"suny",0.4,150.97,0.03,50,0.505043561458523,-0.425541864356709,0.0397508485509072,-0.981141180458106,38,17,15,11,57,23,"M",15,3
380,"suny",0.83,38,0.03,38,-1.35581620587309,-0.425541864356709,-0.890679035114901,0.629200403535873,45,22,23,15,43,32,"m",NA,1
381,"suny",0.83,175.04,0.03,49,0.901528421152885,-0.425541864356709,0.237993278398088,0.36667058990368,40,18,19,12,51,25,"m",15,6
382,"suny",0.54,151.47,0.03,49,0.513279640804065,-0.425541864356709,0.0438688882236778,-0.531187817360973,33,12,12,9,40,18,"m",13,1
383,"suny",0.54,62.21,0.06,39,-0.957025243961981,0.069236281844684,-0.443894481058648,-0.597143687474692,32,12,12,10,38,19,"M",12,2
384,"suny",0.88,193.58,0.09,56,1.20692224328556,0.564014428046077,0.885468335665818,0.413397982243997,35,18,18,13,36,21,"M",15,1
385,"nebraska",0.73,129.2,0,39,0.146444666753652,-0.920320010558102,-0.386937671902225,0.0308496952746011,38,20,18,15,53,25,"f",16,2
386,"nebraska",0.58,-6.6,0.09,37,-2.09047448349538,0.564014428046077,-0.763230027724653,-0.345835740696073,38,20,18,15,58,20,"f",19,1
387,"nebraska",0.71,164.04,0.09,48,0.720334675550974,0.564014428046077,0.642174551798526,-0.313232645225023,27,8,16,9,27,19,"m",3,5
388,"nebraska",0.88,35.71,0,75,-1.39353744927567,-0.920320010558102,-1.15692872991689,2.21892173442008,43,22,22,17,43,21,"m",16,1
389,"nebraska",0.85,174.61,0.06,38,0.894445392915719,0.069236281844684,0.481840837380202,-0.0779960323012785,35,17,18,15,60,35,"f",16,3
390,"nebraska",0.42,88.83,0.06,31,-0.518536379605358,0.069236281844684,-0.224650048880337,-1.41177623983963,31,12,15,9,49,5,"m",20,2
391,"nebraska",0.94,83.15,0,56,-0.612098240970708,-0.920320010558102,-0.766209125764405,1.55655590848131,41,18,20,16,37,19,"f",NA,6
392,"nebraska",0.79,92.97,0,43,-0.450341642624276,-0.920320010558102,-0.685330826591189,0.544989350558305,44,22,22,17,42,20,"m",15,1
393,"nebraska",0.81,25.07,0,61,-1.56880121774879,-0.920320010558102,-1.24456061415345,1.54650495337733,40,21,20,17,46,30,"m",11,2
394,"nebraska",0.71,160.12,0.09,75,0.65576381348193,0.564014428046077,0.609889120764004,0.628371839875674,40,21,23,25,40,2,"m",14,15
395,"nebraska",0.73,145.2,0,40,0.409999205810976,-0.920320010558102,-0.255160402373563,-0.00952402429637259,41,23,21,17,35,32,"m",6,2
396,"nebraska",0.81,138.65,0.06,43,0.302106566384384,0.069236281844684,0.185671424114534,0.121596170856523,39,19,19,15,42,21,"f",15,3
397,"nebraska",0.63,108.28,-0.03,61,-0.198152893063799,-1.41509815675949,-0.806625524911647,0.673206401452391,42,18,19,13,55,22,"f",16,1
398,"nebraska",0.81,183.74,0,63,1.0448362017653,-0.920320010558102,0.0622580956036016,0.875385898582977,38,18,17,15,35,20,"f",13,2
399,"nebraska",0.58,250.35,0,23,2.14204669217833,-0.920320010558102,0.610863340810112,-1.60218597410125,38,17,15,13,39,20,"f",15,1
400,"nebraska",0.85,184.97,0.03,55,1.06509695695534,-0.425541864356709,0.319777546299314,0.595072556069783,28,20,17,11,45,19,"wf",13,2
401,"nebraska",0.75,99.65,0,34,-0.340307622567843,-0.920320010558102,-0.630313816562972,0.0670830080084871,36,22,19,14,51,28,"f",18,2
402,"nebraska",0.58,122.1,0.06,75,0.0294923400469645,0.069236281844684,0.0493643109458242,0.493833981674693,42,23,24,17,44,19,"m",13,2
403,"nebraska",0.73,115.6,0.03,22,-0.0775766914450733,-0.425541864356709,-0.251559277900891,-0.62711820599838,39,16,19,13,44,0,"f",14,1
404,"nebraska",0.85,99.41,0.06,29,-0.344260940653703,0.069236281844684,-0.137512329404509,-0.0352891217019919,45,21,23,16,48,28,"m",14,1
405,"nebraska",0.69,138.33,0.14,38,0.296835475603238,1.38864467171507,0.842740073659151,-0.838203522753046,36,18,22,11,41,27,"m",12,2
406,"nebraska",0.77,76.53,0.06,54,-0.721143931505676,0.069236281844684,-0.325953824830496,0.648297888656832,44,20,22,15,33,21,"f",14,5
407,"nebraska",0.54,79.61,0.11,55,-0.670409682737141,0.893866525513672,0.111728421388266,-0.364403325604449,38,8,20,13,54,31,"m",15,2
408,"nebraska",0.83,118.39,0.08,36,-0.0316193686969524,0.399088379312279,0.183734505307663,-0.04719344421608,33,14,18,13,58,32,"m",12,1
409,"nebraska",0.65,93.18,0.03,47,-0.446882489299148,-0.425541864356709,-0.436212176827928,0.0543248796489884,34,17,20,13,38,23,"f",16,1
410,"nebraska",0.83,119.76,0.09,57,-0.00905251129016896,0.564014428046077,0.277480958377954,0.617905547976777,43,21,18,7,42,19,"f",12,2
411,"nebraska",0.73,220.5,0,68,1.65035275524951,-0.920320010558102,0.365016372345702,0.597056914585012,42,17,21,16,59,26,"f",16,1
412,"nebraska",0.58,142.01,0.09,36,0.357453019586422,0.564014428046077,0.460733723816249,-1.07266081841366,44,21,21,15,57,22,"m",12,1
413,"nebraska",0.79,105.96,0.03,68,-0.236368301227111,-0.425541864356709,-0.33095508279191,1.19939141865376,34,16,11,13,55,23,"f",18,2
414,"nebraska",0.77,89.39,0.03,69,-0.509311970738352,-0.425541864356709,-0.46742691754753,1.24131956281066,43,20,21,14,51,23,"f",16,1
415,"nebraska",0.52,176.8,-0.03,26,0.930519420449191,-1.41509815675949,-0.242289368155152,-1.22529558225769,36,15,17,11,42,19,"f",13,1
416,"nebraska",0.85,213.63,0.03,57,1.53718902504177,-0.425541864356709,0.555823580342529,0.529891874615362,43,19,20,15,64,9,"f",12,2
417,"nebraska",0.56,101.1,0.03,36,-0.316422992465773,-0.425541864356709,-0.370982428411241,-0.6714992058285,38,18,19,14,34,25,"f",12,4
418,"nebraska",0.73,83.92,0,48,-0.599414678778574,-0.920320010558102,-0.759867344668338,0.549664630840956,34,18,20,16,49,25,"f",18,1
419,"nebraska",0.73,124.53,0.06,66,0.0695196856662956,0.069236281844684,0.0693779837554898,0.695960248098733,41,21,20,17,55,1,"f",15,2
420,"nebraska",0.67,257.94,0.09,49,2.26707037664364,0.564014428046077,1.41554240234486,-0.855670008485113,42,19,19,13,57,19,"f",14,1
421,"nebraska",0.46,184.4,0.03,54,1.05570782650142,-0.425541864356709,0.315082981072355,-0.791666297783122,46,19,22,17,54,21,"f",15,3
422,"nebraska",0.81,120.62,0.03,68,0.00511354518416219,-0.425541864356709,-0.210214159586273,1.20056279749582,41,19,20,14,64,20,"m",14,1
423,"nebraska",0.83,77.77,0.03,42,-0.700718454728733,-0.425541864356709,-0.563130159542721,0.580634429074966,40,21,22,15,34,22,"m",14,1
424,"nebraska",0.81,67.23,0.08,35,-0.874335007332745,0.399088379312279,-0.237623314010233,0.0875533673494433,45,22,22,17,31,21,"m",15,1
425,"nebraska",0.75,94.05,0.02,33,-0.432551711237906,-0.590467913090507,-0.511509812164206,-0.0343444342888239,40,19,20,14,48,20,"m",13,1
426,"nebraska",0.44,161.61,0,10,0.680307329931644,-0.920320010558102,-0.120006340313229,-2.11964469543788,38,14,16,12,44,31,"f",16,2
427,"nebraska",0.83,54.67,0.03,49,-1.08122532049274,-0.425541864356709,-0.753383592424727,0.927679758420931,39,19,19,14,50,21,"m",15,1
428,"nebraska",0.71,144.77,0.06,40,0.40291617757381,0.069236281844684,0.236076229709247,-0.357006709714154,27,15,16,11,43,21,"f",14,2
429,"nebraska",0.46,92.67,0.03,0,-0.4552832902316,-0.425541864356709,-0.440412577294155,-2.21080878207222,38,15,19,12,34,21,"f",15,1
430,"nebraska",0.77,192.17,0.22,61,1.18369649953113,2.70805306158545,1.94587478055829,-0.397921682322297,38,19,19,13,43,20,"f",14,1
431,"nebraska",0.65,246.28,0.19,18,2.07500500630562,2.21327491538405,2.14413996084484,-2.39759742479613,34,16,12,10,37,20,"f",12,1
432,"nebraska",0.73,140.76,0.06,57,0.336862821222568,0.069236281844684,0.203049551533626,0.312538818766706,42,20,18,13,74,28,"f",5,3
433,"nebraska",0.54,235.74,0.12,26,1.90138845370161,1.05879257424747,1.48009051397454,-2.13047391466626,33,18,19,9,34,20,NA,14,1
434,"nebraska",0.88,166.51,0,61,0.761020907517949,-0.920320010558102,-0.0796495515200764,1.13053535705607,40,18,20,12,46,20,"f",14,1
435,"nebraska",0.65,98.68,0.03,22,-0.356285616498193,-0.425541864356709,-0.390913740427451,-0.826248371283905,31,13,15,13,48,19,"f",13,2
436,"nebraska",0.69,130.08,0.17,29,0.160940166401805,1.88342281791646,1.02218149215913,-1.24752560263718,39,15,17,12,42,19,"f",3,2
437,"nebraska",0.54,158.09,0.22,26,0.622325331339032,2.70805306158545,1.66518919646224,-2.23521920478976,43,20,20,14,48,20,"f",13,3
438,"nebraska",0.65,123.87,0.06,53,0.0586480609301811,0.069236281844684,0.0639421713874325,-0.0235214666577829,34,13,14,12,42,19,"f",12,1
439,"nebraska",0.94,94.34,0.14,61,-0.427774785217492,1.38864467171507,0.480434943248786,1.02208173926422,35,18,18,13,38,22,"f",16,1
440,"nebraska",0.88,132.93,0.06,48,0.207885818671391,0.069236281844684,0.138561050258037,0.562483927667999,38,18,18,13,41,26,"f",15,2
441,"nebraska",0.73,126.19,0.06,61,0.0968634690934929,0.069236281844684,0.0830498754690885,0.517235602611251,40,19,19,14,45,19,"f",13,2
442,"nebraska",0.9,164.33,0.03,62,0.725111601571389,-0.425541864356709,0.14978486860734,1.10439586705282,41,20,20,15,49,21,"f",15,3
443,"nebraska",0.54,92.63,0.14,7,-0.455942176579244,1.38864467171507,0.466351247567911,-2.20656403474471,34,16,16,13,47,20,"f",13,1
444,"nebraska",0.77,97.74,0.06,22,-0.371769445667811,0.069236281844684,-0.151266581911564,-0.544878075061898,35,14,11,10,54,20,"m",13,3
445,"nebraska",0.88,153.38,0.06,49,0.544741463904033,0.069236281844684,0.306988872874358,0.501370066866638,43,19,21,12,42,19,"m",13,1
446,"nebraska",0.48,54.31,0.03,18,-1.08715529762153,-0.425541864356709,-0.756348580989121,-1.34697043137582,36,7,14,10,64,24,"m",14,1
447,"nebraska",0.79,113.82,0.06,28,-0.106897133915201,0.069236281844684,-0.0188304260352583,-0.345139450146781,44,19,24,14,52,19,"f",13,5
448,"nebraska",0.79,219.26,0.12,36,1.62992727847256,1.05879257424747,1.34435992636002,-0.842973143432765,38,19,18,11,54,21,"f",15,3
449,"nebraska",0.9,143.62,0.03,55,0.383973195079065,-0.425541864356709,-0.0207843346388218,0.961536062943546,38,20,20,13,40,20,"m",13,1
450,"nebraska",0.83,92.29,0,37,-0.461542710534212,-0.920320010558102,-0.690931360546157,0.48196783663332,43,21,22,15,58,28,"m",14,2
451,"nebraska",0.75,174.16,0.09,46,0.887032921504732,0.564014428046077,0.725523674775404,-0.289799483848144,43,19,22,12,51,19,"m",12,2
452,"nebraska",0.71,159.71,0.03,26,0.649010228418586,-0.425541864356709,0.111734182030939,-0.765408971296269,35,15,18,14,41,24,"m",16,1
453,"nebraska",0.96,125.07,0.03,48,0.0784146513594802,-0.425541864356709,-0.173563606498614,1.01710111586718,38,20,18,13,43,19,"m",13,4
454,"nebraska",0.71,137.72,0.03,40,0.286787458801677,-0.425541864356709,-0.069377202777516,-0.184154002309438,40,17,18,12,29,22,"f",15,1
455,"nebraska",0.79,68.99,0.06,36,-0.84534400803644,0.069236281844684,-0.388053863095878,0.13738059302653,37,15,15,12,40,18,"m",12,2
456,"nebraska",0.83,43.67,0,57,-1.26241906609465,-0.920320010558102,-1.09136953832638,1.39252285203306,37,16,18,13,48,18,"m",12,2
457,"nebraska",0.54,195.59,0.03,45,1.24003128225464,-0.425541864356709,0.407244708948963,-0.873608460387082,34,16,15,12,37,18,"f",12,1
458,"nebraska",0.83,109.15,0.08,32,-0.183822115002557,0.399088379312279,0.107633132154861,-0.140918820713315,41,19,18,14,57,21,"f",14,1
459,"nebraska",0.71,88.29,0.11,14,-0.527431345298543,0.893866525513672,0.183217590107565,-1.2162315354629,33,14,16,11,42,21,"F",15,1
460,"nebraska",0.92,168.3,0.11,26,0.790506071574987,0.893866525513672,0.84218629854433,-0.449041781015633,34,16,15,12,38,23,"m",14,1
461,"nebraska",0.73,160.61,0.05,32,0.663835171240561,-0.0956897668891135,0.284072702175724,-0.588250651468917,28,9,12,12,42,19,"f",14,NA
462,"nebraska",0.63,-20.83,0.06,20,-2.32487330166949,0.069236281844684,-1.1278185099124,-0.547134617420657,32,16,17,12,47.5,19,"f",12,5
463,"nebraska",0.88,106.69,0.06,55,-0.22434362538262,0.069236281844684,-0.0775536717689682,0.924163873522597,38,17,18,13,55.5,19,"m",13,2
464,"nebraska",0.85,121.55,0.03,36,0.020432652766869,-0.425541864356709,-0.20255460579492,0.240900603826898,34,19,17,13,42,19,"m",13,2
465,"nebraska",0.79,319.43,0.09,26,3.27994341455832,0.564014428046077,1.9219789213022,-1.51181706943835,37,17,17,12,38,24,"M",15,2
466,"nebraska",0.79,-87.99,0.11,44,-3.43114347936261,0.893866525513672,-1.26863847692447,0.909274250850041,35,17,14,16,49,24,"f",12,1
467,"nebraska",0.69,87.06,0,48,-0.547692100488575,-0.920320010558102,-0.734006055523338,0.396035359822352,42,18,19,12,42,20,"f",14,2
468,"nebraska",0.81,233.67,0.09,27,1.86729108521107,0.564014428046077,1.21565275662857,-1.00842002993316,36,17,18,12,40,9,"F",12,2
469,"nebraska",0.83,70.18,0,32,-0.825742139194051,-0.920320010558102,-0.873031074876076,0.41402817025737,38,17,15,12,30.5,23,"F",12,2
470,"nebraska",0.81,68.11,0.19,49,-0.859839507684592,2.21327491538405,0.67671770384973,0.048903979417834,44,18,20,13,27.5,20,"M",13,5
471,"nebraska",0.73,213.07,0.11,6,1.52796461617476,0.893866525513672,1.21091557084422,-2.00187768764403,32,13,16,13,54,24,"f",15,2
472,"nebraska",0.73,139.3,0.03,40,0.312813469533588,-0.425541864356709,-0.0563641974115605,-0.122020590367713,37,16,20,12,46.5,20,"M",13,1
473,"nebraska",0.5,118.23,0.03,28,-0.0342549140875256,-0.425541864356709,-0.229898389222117,-1.23340967748997,33,13,11,12,42,21,"F",13,2
474,"nebraska",0.6,127.71,0,36,0.121901150303939,-0.920320010558102,-0.399209430127081,-0.516531204321644,41,17,18,15,42,18,"f",12,6
475,"nebraska",0.6,248.48,0.06,12,2.111243755426,0.069236281844684,1.09024001863534,-2.18013591066688,44,19,21,19,35,21,"m",14,2
476,"nebraska",0.67,126.81,0.11,43,0.107076207481964,0.893866525513672,0.500471366497818,-0.543026913552376,35,17,17,13,42,19,"m",13,2
477,"nebraska",0.69,122.08,0.03,52,0.0291628968731429,-0.425541864356709,-0.198189483741783,0.229613007511464,35,17,21,13,51,19,"f",12,1
478,"nebraska",0.48,178.85,0.14,9,0.96428734576591,1.38864467171507,1.17646600874049,-2.74850692924973,31,15,15,14,47,19,"f",13,1
479,"nebraska",0.71,218.43,0.06,26,1.61625538675896,0.069236281844684,0.842745834301824,-1.17908035226821,36,18,16,12,32,19,"f",3,5
480,"nebraska",0.65,226.2,0.06,40,1.74424405978868,0.069236281844684,0.906740170816681,-0.945019972465732,37,17,18,13,66.5,21,"f",16,1
481,"nebraska",0.92,120.03,0.06,55,-0.00460502844357668,0.069236281844684,0.0323156267005536,1.00098471140035,39,20,19,13,40.5,18,"m",12,2
482,"nebraska",0.52,48.6,0,12,-1.18121132374762,-0.920320010558102,-1.05076566715286,-1.24655386380291,35,16,15,15,66.5,19,"f",13,3
483,"nebraska",0.58,130.43,0.03,33,0.166705421943684,-0.425541864356709,-0.129418221206513,-0.841293106679892,45,15,18,12,61,20,"f",13,1
484,"nebraska",0.73,206.87,0.11,39,1.42583723229005,0.893866525513672,1.15985187890186,-0.844461344660749,32,19,16,12,52.5,19,"f",12,2
485,"nebraska",0.79,106.99,0.03,58,-0.219401977775296,-0.425541864356709,-0.322471921066002,0.852615144177127,37,18,17,15,57,22,"f",13,2
486,"nebraska",0.75,185.09,0.08,28,1.06707361599827,0.399088379312279,0.733080997655273,-0.909632434321374,22,11,12,10,41.5,18,"f",12,1
487,"nebraska",0.75,154.64,0.04,29,0.565496383854797,-0.260615815622911,0.152440284115943,-0.546856723962645,45,22,20,15,41,21,"M",14,1
488,"nebraska",0.85,119.57,0.11,26,-0.0121822214414749,0.893866525513672,0.440842152036099,-0.465166228170602,41,18,20,13,41,18,"f",12,6
489,"nebraska",0.81,45.5,0,29,-1.23227501568997,-0.920320010558102,-1.07629751312404,0.356964340256285,32,17,15,12,49.5,19,"f",12,7
490,"nebraska",0.6,209.94,0.3,37,1.47640675947167,4.02746145145583,2.75193410546375,-2.2655307837704,36,17,20,12,33,19,"f",12,1
491,"nebraska",1,109.76,0.03,50,-0.173774098200996,-0.425541864356709,-0.299657981278853,1.29584632710254,38,19,19,12,52,20,"m",13,1
492,"nebraska",0.71,150.44,-0.03,28,0.496313317352249,-1.41509815675949,-0.459392419703623,-0.373819616476058,33,16,15,9,38,20,"f",3,1
493,"nebraska",0.92,144.12,0.03,47,0.392209274424607,-0.425541864356709,-0.0166662949660512,0.755122439327037,37,16,15,11,59.5,19,"f",12,1
494,"nebraska",0.71,220.31,0.03,33,1.6472230450982,-0.425541864356709,0.610840590370746,-0.808464725317372,31,15,11,10,42.5,19,"f",12,1
495,"nebraska",1,107.55,0.08,49,-0.210177568908289,0.399088379312279,0.094455405201995,1.03862436097427,39,18,22,11,37,21,"m",13,2
496,"nebraska",0.77,32.94,0.14,38,-1.43916532884997,1.38864467171507,-0.0252603285674536,-0.0690224195150012,31,14,11,12,53.5,24,"f",15,1
497,"nebraska",0.73,105.94,0.06,68,-0.236697744400933,0.069236281844684,-0.0837307312781243,0.850997920157979,39,18,19,14,41,20,"m",13,1
498,"nebraska",0.71,80.24,0.08,47,-0.660032222761759,0.399088379312279,-0.13047192172474,0.0898018442738615,36,15,18,14,41,19,"f",14,2
499,"nebraska",0.88,102.53,0,59,-0.292867805537525,-0.920320010558102,-0.606593908047813,1.36033217070314,36,13,16,14,33,19,"f",12,3
500,"nebraska",0.77,61.05,0.06,26,-0.976132948043637,0.069236281844684,-0.453448333099476,-0.237086476831696,32,16,15,12,43,8,"m",12,1
501,"nebraska",0.83,195.15,0.06,54,1.23278353243056,0.069236281844684,0.651009907137621,0.30393693721986,43,20,20,16,39,19,"f",13,2
502,"nebraska",0.46,110.83,0.14,23,-0.156148888401538,1.38864467171507,0.616247891656764,-2.02221699519547,31,17,19,12,50.5,19,"f",13,1
503,"nebraska",0.69,75.03,0.06,37,-0.7458521695423,0.069236281844684,-0.338307943848808,-0.204059132110459,39,16,18,11,39,24,"F",15,1
504,"nebraska",0.48,135,0,10,0.241983187161932,-0.920320010558102,-0.339168411698085,-1.85662865707608,33,12,15,11,50,20,"m",14,1
505,"nebraska",0.44,316.56,0.16,10,3.23266831911491,1.71849676918266,2.47558254414879,-3.58845963831232,36,15,15,11,53,18,"f",12,5
506,"nebraska",0.67,46.7,0.06,49,-1.21250842526067,0.069236281844684,-0.571636071707995,0.268852235511256,36,19,17,10,41.5,21,"f",15,1
507,"nebraska",0.88,133.7,0.11,52,0.220569380863524,0.893866525513672,0.557217953188598,0.462360931676873,38,15,19,15,49,20,"f",15,1
508,"nebraska",0.9,149.02,0.03,48,0.472922852010912,-0.425541864356709,0.0236904938271016,0.696985227929685,32,20,20,12,50,20,"M",13,2
509,"nebraska",0.83,74.31,0.08,68,-0.757712123799879,0.399088379312279,-0.1793118722438,1.25257286330916,42,18,21,12,33,20,"m",13,2
510,"nebraska",0.88,78.6,0.12,37,-0.687046563015135,1.05879257424747,0.185873005616168,0.159537295071232,35,18,16,13,47.5,25,"f",13,1
511,"nebraska",0.54,134.18,-0.03,35,0.228476017035244,-1.41509815675949,-0.593311069862125,-0.64938079711564,37,16,14,12,40,22,"f",15,1
512,"nebraska",0.88,86.86,0.03,68,-0.550986532226791,-0.425541864356709,-0.48826419829175,1.60114887388555,43,16,18,16,21,21,"m",15,2
