"Participant","VersionNum","VersionHand","Age","Gender","NAART","EHI","EHI_LRA","mean_c","mu_c","sig_c","tau_c","mean_a","mu_a","sig_a","tau_a","zr","a","v_abs","v_con","t0","st0"
1,5,"R","NA","F",14,0.7,"R",0.79933552631579,0.604541929603936,0.0547874514788063,0.194804291105167,0.796797297297297,0.58681686521434,0.0455706487701157,0.209988249829588,0.4773,1.307,-1.5839,1.9188,0.5174,0.1268
2,2,"R","NA","F",15,1,"R",0.806877505567929,0.556151393545667,0.0370189230246028,0.250755728225122,0.937549773755656,0.695712505817072,0.0614519918503746,0.241829411077721,0.7142,1.6109,-2.3719,1.1396,0.518,0.1275
3,3,"R","NA","NA",19,0.4,"R",0.852133016627078,0.568256626051847,0.0422173039985589,0.283899988735035,0.974503740648379,0.656639144723861,0.0735485582124645,0.317894593216167,0.6399,1.4521,-1.4928,1.0052,0.5246,0.1601
4,4,"R","NA","F",16,0.4545,"R",0.896814988290398,0.615815665572296,0.0790388786277646,0.280991519075822,0.997596816976127,0.703048058832918,0.0999209196113552,0.294612613358063,0.5833,1.3762,-1.1038,1.0112,0.5685,0.238
5,1,"R","NA","F",17,0.7143,"R",0.850709459459459,0.607689691397333,0.0582909793111189,0.243010948993625,0.878599137931035,0.5876847324154,0.036987978953039,0.290857718153874,0.5576,1.5008,-1.8505,1.5426,0.5102,0.1276
6,6,"R","NA","F",7,1,"R",0.938116336633663,0.567910918476527,0.0607992493032716,0.370205208891905,1.02917085427136,0.652479266144238,0.0798411244663674,0.376765156350753,0.5999,1.4812,-1.1904,0.7171,0.537,0.2713
7,7,"R","NA","F",13,0.7333,"R",0.925578703703704,0.622917531660948,0.0715614729335008,0.302675644612495,1.04071860465116,0.752957687899754,0.118017975406957,0.287783177828546,0.6666,1.5633,-1.7966,0.9292,0.5844,0.26
8,8,"R","NA","F",12,0.7333,"R",0.911638443935927,0.612369200898798,0.0540451850757432,0.299234034096646,0.93502842377261,0.58889739724507,0.0652789264666593,0.346111326995744,0.4424,1.5028,-0.8471,1.5465,0.4995,0.2011
10,10,"R","NA","F",10,0.8462,"R",0.911858536585366,0.675188841635032,0.0843487186242155,0.236697452745396,0.876851744186047,0.613954354488253,0.0698532601855468,0.262889326197334,0.4048,1.217,-0.2962,1.5914,0.591,0.2249
11,1,"R","NA","F",20,0.4,"R",1.05075965665236,0.64617571608928,0.0599769103398808,0.404653595905853,1.13915217391304,0.739182052338053,0.116462103442576,0.399899463199526,0.5937,1.8695,-1.6925,1.3195,0.558,0.3542
12,2,"R","NA","F",16,1,"R",0.779552447552448,0.62086125872639,0.0621438172356154,0.158687696319854,0.777614699331849,0.630306487864273,0.0592741160219292,0.147293814897536,0.5499,1.1591,-2.3745,1.6321,0.5551,0.1764
13,3,"R","NA","M",18,0.8261,"R",0.80965376344086,0.600360984699597,0.0482715769769821,0.209320505971779,0.871315789473684,0.672629384077532,0.08677996465597,0.198669849032437,0.5652,1.3389,-1.4771,1.5251,0.5486,0.1373
14,4,"R","19","F",6,0.875,"R",0.93396511627907,0.630274889741333,0.0961445898210753,0.303665130293033,0.936484848484848,0.612295991630792,0.086475386421853,0.324183070933785,0.5,1.3443,-0.9335,0.5565,0.5459,0.2412
15,5,"R","NA","F",13,1,"R",0.789280487804878,0.565222640368894,0.0815338334357177,0.224042753702421,0.77491935483871,0.589964770531012,0.0685096084298663,0.184942466167614,0.5476,1.233,-1.797,1.0413,0.5008,0.14
16,6,"R","NA","F",12,0.2381,"R",0.769269230769231,0.556234157842756,0.0497667877157643,0.213030327149352,0.809806451612903,0.587943962545088,0.0366448594940079,0.221883131324143,0.5749,1.2005,-1.5836,1.1702,0.5104,0.0859
17,7,"R","18","F",5,1,"R",1.10262114537445,0.739613282564247,0.0853133979230189,0.362983630176756,1.2271222826087,0.941555457924862,0.176550410601746,0.285537760107843,0.5961,1.5382,-0.8751,1.1576,0.7055,0.3563
18,8,"R","NA","F",18,0.8462,"R",0.907415865384615,0.625435559886452,0.0549292636052516,0.281973756953848,0.920345882352941,0.650761007893298,0.0652291926466881,0.269533148922129,0.5416,1.4111,-1.3574,1.1161,0.5476,0.1609
20,10,"R","19","F",13,0.4118,"R",0.914626865671642,0.607952632844207,0.0762475676496324,0.306650664242947,0.966890736342043,0.632670409400545,0.0762733544078499,0.334237049128602,0.5961,1.5175,-1.4931,0.8784,0.5157,0.2159
21,1,"R","22","F",7,1,"R",1.46851879699248,0.975614883560268,0.185237410607466,0.492965050985099,1.56556581986143,1.08560475904046,0.238446932188225,0.480096006919168,0.6874,1.4348,-2.5603,1.1018,1.0503,0.8613
22,3,"R","20","F",13,1,"R",1.22930940594059,0.75757261856203,0.17089228387605,0.471778953388969,1.4341277173913,1.02267456608985,0.244863850917987,0.411460895590696,0.6923,1.4935,-1.3311,0.4608,0.8495,0.7647
23,2,"R","21","F",7,1,"R",0.907586419753086,0.644566492685731,0.0941217149086746,0.263022864074147,0.836032183908046,0.582247956010201,0.055617280716824,0.253821222931814,0.4783,1.3207,-1.3363,0.6701,0.514,0.1208
24,4,"R","20","M",9,0.3636,"R",1.06851442307692,0.638215331919711,0.0603282015851853,0.430295077180382,1.07139651416122,0.717458871646406,0.0959157829326362,0.353882911709438,0.5862,1.7154,-1.5832,0.9596,0.5608,0.2765
25,5,"R","20","F",14,0.7333,"R",1.05892183908046,0.740418157742221,0.10178910199648,0.318423768189391,1.08569574944072,0.802301240552186,0.142879583793571,0.283415411854049,0.5714,1.6105,-1.6385,1.1925,0.6428,0.3627
26,6,"R","21","F",21,0.9231,"R",0.791873873873874,0.559463335080236,0.0395060988523076,0.232426634936055,0.784292576419214,0.569584778047323,0.0317682620990786,0.21472326989922,0.5416,1.3763,-2.0136,1.4673,0.4779,0.0525
27,7,"R","18","F",2,0.8095,"R",0.79536511627907,0.533358341239951,0.0613851897964225,0.261989204876889,0.910698630136986,0.612201219665952,0.0559641130097774,0.298540778127123,0.5999,1.4381,-0.9116,1.1917,0.4714,0.1274
28,8,"R","21","F",10,1,"R",0.963938875305623,0.644022205543492,0.0695058239710849,0.320024571747328,1.03772389791183,0.670078198384207,0.0801297592751521,0.367657599110739,0.6153,1.5519,-1.4702,0.9088,0.5416,0.2418
30,10,"R","NA","M",9,0.2381,"R",1.26908616780045,0.77305243300839,0.10997872671456,0.496054029815738,1.49344376899696,1.20354976806554,0.283127742038527,0.289900902010393,0.6111,1.5977,-0.7578,1.0838,0.7952,0.7682
31,1,"R","21","F",16,0.8182,"R",0.838513888888889,0.610341333992351,0.0708452484224531,0.228165508072365,0.887438752783964,0.622475018553171,0.0678427316530984,0.26496256881243,0.5799,1.482,-1.8689,1.4615,0.5129,0.1801
32,2,"L","21","F",21,-0.7895,"L",0.839519187358917,0.586763495624509,0.0356805836715543,0.252775281020984,0.881151219512195,0.602603579734106,0.0436505660856906,0.278506267047164,0.5,1.4166,-1.2464,1.692,0.5027,0.0375
33,3,"R","18","F",11,1,"R",0.804149450549451,0.544141525093965,0.0597421753144103,0.259990609681064,1.03040419947507,0.640697108973964,0.0595441667074309,0.389550748802797,0.625,1.6267,-1.1519,1.4906,0.4651,0.1772
34,4,"L","20","F",20,-0.7273,"L",0.737755102040816,0.560055279392801,0.0620153962338174,0.177721325833608,0.776048498845266,0.591252131204311,0.0709168092052709,0.18478098270869,0.5714,1.2424,-1.889,1.6726,0.4979,0.1341
35,5,"R","19","F",11,0.8462,"R",1.08876483516484,0.749402251920532,0.068448575177006,0.33938175853136,1.19032867132867,0.90104071115487,0.128077427723451,0.28935465946635,0.6111,1.6105,-1.4576,1.2246,0.7057,0.3165
36,6,"R","19","F",4,1,"R",0.964634382566586,0.672618078696944,0.0984402730575434,0.291987546917657,1.02167865707434,0.703946384003724,0.0834591038628161,0.317649366866387,0.5833,1.4259,-1.3184,0.9322,0.6114,0.2604
37,7,"R","24","F",21,0.913,"R",1.03655504587156,0.594451602234085,0.0559887164304917,0.442199334315461,1.20918329466357,0.76069979988791,0.0800367792700542,0.448628934870341,0.6613,1.8205,-1.6531,0.9423,0.5563,0.2981
38,8,"R","21","F",16,1,"R",0.764007211538462,0.559232148182943,0.0514008441526355,0.204774042019943,0.820598639455782,0.592955536461983,0.0411019088807026,0.227642609560049,0.6136,1.3158,-2.0106,1.0969,0.4964,0.1047
40,10,"R","21","F",17,0.6667,"R",0.832685393258427,0.620755431600282,0.0630089733296128,0.211949889287754,0.913101895734597,0.682777560465652,0.0715918207840854,0.230347897273944,0.6086,1.3271,-1.7659,1.5573,0.5742,0.217
42,2,"R","20","F",9,0.7333,"R",0.915171581769437,0.623268560692047,0.0702650235129921,0.291921014296542,0.935600985221675,0.654570435101591,0.0904120394305614,0.281066147180761,0.5454,1.3033,-1.2231,0.7926,0.5612,0.2589
43,3,"R","20","F",12,0.7778,"R",0.838820224719101,0.600335260085577,0.0561587693178173,0.238466525351178,0.89078896882494,0.671992619275468,0.0427524862876607,0.218826315091113,0.5652,1.3249,-1.6691,1.2361,0.558,0.1596
44,4,"R","20","M",15,0.36,"R",0.978509536784741,0.697540286368277,0.0701807883058736,0.280960447596029,0.918403846153846,0.647116682917276,0.0540570408853658,0.271276434518649,0.5208,1.4168,-1.7455,0.8871,0.5784,0.1907
45,5,"R","23","F",14,0.5294,"R",1.0059020501139,0.752985163500284,0.100533740573217,0.252914948203682,1.05652488687783,0.772419007800329,0.130152319358898,0.284140351058105,0.5624,1.3964,-1.5483,1.3181,0.6754,0.3352
46,6,"R","19","F",11,0.7778,"R",1.03099497487437,0.60866806897028,0.0557982363538728,0.422281980872033,1.14783046683047,0.685555633046866,0.0796862170075757,0.462280461913102,0.6111,1.5519,-1.1672,0.6093,0.5778,0.284
47,7,"R","29","M",17,0.3913,"R",1.01889616252822,0.690262916745057,0.0787850193633923,0.328662298959095,1.15678619153675,0.841836483208554,0.128498803109713,0.314995823459638,0.6613,1.7862,-1.8081,1.1358,0.6168,0.2697
48,8,"R","20","F",25,0.8462,"R",0.952162337662338,0.620424322907517,0.0547985246922609,0.331696154591708,1.11967337807606,0.742961795117019,0.0898322398536613,0.376673359782578,0.6406,1.8712,-1.7596,1.4078,0.5351,0.1539
50,10,"R","20","F",22,0.7647,"R",0.716829099307159,0.546220107581645,0.0391588210142998,0.170665309681336,0.71323732718894,0.549686562636043,0.0445668922121361,0.163540169952162,0.5,1.1846,-1.9047,1.7769,0.477,0.0418
51,1,"R","23","F",16,0.8261,"R",1.00058165548098,0.709567048090343,0.0689976353312611,0.291013456858739,1.02933406113537,0.751984709530139,0.0772886850641033,0.277382603840188,0.574,1.5828,-1.907,1.4262,0.6248,0.2026
52,2,"R","41","F",25,1,"R",0.814219565217391,0.595336169340577,0.0299228746547099,0.218888414072809,0.833065573770492,0.615902947094806,0.0556730178421251,0.217154252437404,0.5,1.3774,-1.5218,1.9329,0.5148,0.0675
53,3,"R","27","M",16,0.4444,"R",1.07003938730853,0.665571673800635,0.0709019577171096,0.404461403000742,1.30372619047619,0.912242914331362,0.206247382231124,0.391580995917275,0.6333,1.7598,-1.1773,1.1589,0.6188,0.3351
54,4,"R","25","F",23,0.8462,"R",0.948716853932584,0.671635481431451,0.0820620695193016,0.277111275083347,0.994628504672897,0.694586649039315,0.0692111281538677,0.299889481935895,0.5384,1.5461,-1.4072,1.5089,0.5718,0.1586
55,5,"R","20","M",21,1,"R",0.840697038724374,0.594774402308079,0.0609338071670221,0.24590352327929,0.878515081206497,0.611696213185396,0.0564096138191825,0.266821526852947,0.5416,1.4035,-1.5332,1.3005,0.5127,0.1208
57,7,"R","26","F",10,1,"R",0.779289887640449,0.520523558012404,0.0359614752404554,0.258744306156698,0.93497037037037,0.609747876812952,0.0424755838494064,0.325225580165342,0.64,1.4406,-1.517,1.4177,0.4807,0.1819
58,8,"R","19","F",12,0.8571,"R",1.05127482678984,0.779526735566532,0.0958395549583431,0.271801469931393,1.12265476190476,0.819495463271631,0.0955796558825735,0.303152124274245,0.58,1.447,-1.4808,1.2912,0.704,0.2849
60,10,"R","20","F",10,0.875,"R",1.06772307692308,0.719254310138987,0.134541936813624,0.348445960964463,1.16723107569721,0.844520052910265,0.126247992086643,0.32275471865363,0.4584,1.4001,-0.0287,1.6756,0.6732,0.4376
61,1,"R","18","F",10,1,"R",1.26440681818182,0.763585905939631,0.101695631867551,0.500757818233003,1.38303619909502,0.901516960290679,0.162693634130073,0.481525505746104,0.6034,1.6848,-1.492,1.1427,0.7469,0.6101
62,2,"R","19","F",12,0.5556,"R",0.905464601769912,0.620416042778303,0.0671230583831149,0.285050532500519,1.02146698113208,0.680356919401048,0.0773322873435241,0.341304988749563,0.574,1.6105,-1.3002,1.4515,0.5298,0.163
63,3,"R","20","F",18,0.6667,"R",0.664006928406466,0.559407628236721,0.0552319807638385,0.104558964548843,0.714138755980861,0.584157142834126,0.0484897248232956,0.129967954082381,0.6111,1.0249,-2.3587,1.8265,0.5134,0.1538
64,4,"R","19","F",15,0.619,"R",0.999673515981735,0.720263614031811,0.0938884308506504,0.279452692865249,1.13399294117647,0.860377426267132,0.13124804458742,0.273669978752438,0.6538,1.5314,-1.6957,1.0681,0.6712,0.3234
65,5,"R","20","F",9,0.7647,"R",0.977727488151659,0.663606362202408,0.0638176987494822,0.314134420106363,1.17699069767442,0.75811088040593,0.0941139518718982,0.418864079493789,0.6833,1.7308,-1.6648,0.882,0.5979,0.2794
66,6,"R","19","F",13,1,"R",1.12236261261261,0.620658538574939,0.0444180452690493,0.501722830346402,1.26381774580336,0.690797511159168,0.0671145091878441,0.573018639625908,0.55,1.7459,-1.1769,1.1783,0.5511,0.3128
67,7,"R","20","F",9,1,"R",0.796507246376812,0.540926630155805,0.0343776448580335,0.255615746364294,0.891488943488943,0.594490083278132,0.0610965623001924,0.29701465909477,0.6458,1.4274,-1.5058,0.8839,0.4727,0.1609
68,8,"R","20","F",16,0.6667,"R",0.658905128205128,0.524233425269281,0.0548470058959037,0.134666984006205,0.672866180048662,0.551744737607135,0.0442036129266878,0.121112206743286,0.5882,0.9764,-2.2655,1.0401,0.4895,0.1352
70,10,"R","19","F",11,1,"R",0.865004854368932,0.609237681875482,0.0642210150168149,0.255782667506611,0.928554245283019,0.672484837227275,0.0679864339014555,0.256069165951592,0.6304,1.3649,-1.7609,0.9992,0.568,0.2263
72,2,"R","25","NA",8,1,"R",1.79271030640669,1.64586635073964,0.473668344550011,0.146840788446785,1.80665263157895,1.76927771054222,0.462204134641446,0.0373616054379513,0.5,0.8157,-1.6688,1.3686,1.448,0.9858
73,3,"R","18","F",7,0.6,"R",0.982004975124378,0.598767050814921,0.0515097106240053,0.383258082165446,1.13008108108108,0.689415407605926,0.0756140386369862,0.440534340157031,0.6111,1.5898,-1.2324,0.8855,0.5512,0.2539
74,4,"L","18","M",15,-0.9048,"L",0.927088785046729,0.651338917154213,0.0428599363163713,0.275746127196055,1.00636787564767,0.751246102418481,0.137283360193532,0.255139871692032,0.5833,1.4164,-1.1088,1.1613,0.5927,0.2537
75,5,"R","23","M",16,0.9231,"R",1.02413425925926,0.667668513143764,0.0959610876423135,0.356470327653553,1.01879285714286,0.672312255968882,0.0790659109271779,0.34637853733838,0.5,1.5739,-1.2283,1.1914,0.5642,0.2548
76,6,"R","26","F",4,0.8667,"R",1.46641046831956,1.10004092022696,0.323969697645758,0.366490395805258,1.51088594164456,1.08480453974185,0.311835042467948,0.426089254839793,0.6052,1.0849,-1.5679,0.7079,1.1253,1.1481
77,7,"R","20","F",21,0.5385,"R",0.728118055555556,0.584945063581757,0.0563688549665829,0.143180602444393,0.734841379310345,0.587329919071156,0.0500905104886478,0.14752029531151,0.5263,1.0956,-2.0073,1.7467,0.526,0.1199
78,8,"R","19","M",24,0.7333,"R",0.803226463104326,0.592571388404617,0.0555527443882382,0.210651625542435,0.806785542168675,0.59479331785783,0.0588979084609434,0.211977898222398,0.5238,1.2296,-1.4409,1.2062,0.5192,0.175
80,10,"R","22","F",4,0.5,"R",1.51345247148289,1.25822738513745,0.246879015866137,0.255292078416085,1.40815883668904,1.21030502962879,0.300309694305088,0.197923872438817,0.4167,1.061,-1.5833,0.3838,1.1873,0.9239
81,1,"R","19","M",22,0.625,"R",0.903533936651584,0.650225631546904,0.0918053226318856,0.253309805534431,0.958658986175115,0.688611763548619,0.0857123731528019,0.270072738833966,0.58,1.435,-1.6489,1.2487,0.5747,0.2325
82,2,"R","20","F",25,0.7273,"R",1.11538043478261,0.693641133674354,0.0791873219377924,0.421825710842627,1.27666519823789,0.703778235503135,0.0677925591796962,0.57291462015033,0.5606,1.9425,-1.4665,1.6018,0.5663,0.332
83,3,"R","23","F",16,0.5238,"R",0.841648058252427,0.627078916290409,0.0729446933428494,0.214594191046902,0.999697050938338,0.719303951611898,0.0685208502343473,0.280444755873571,0.6818,1.2774,-1.5289,0.8072,0.6128,0.2319
84,4,"R","22","M",12,1,"R",1.14323474178404,0.677934246175474,0.0836543422841048,0.465296041718474,1.30247445255474,0.722348437086202,0.113605613671268,0.580198751648853,0.6206,1.6876,-1.1867,1.0322,0.6224,0.4148
85,5,"R","18","F",17,0.8462,"R",0.738687927107062,0.548500185636317,0.0562355464884889,0.19020718887312,0.780273364485981,0.568124770514379,0.059852896703854,0.212167668032663,0.5434,1.3375,-1.7096,1.699,0.4665,0.1125
86,6,"R","18","F",6,0.8462,"R",1.280445,0.768652965767683,0.139643404483041,0.511898375802531,1.36292482915718,0.847891267743657,0.170215743698235,0.515032084893587,0.64,1.4638,-2.0284,0.6109,0.8828,0.9195
87,7,"R","21","F",8,0.5556,"R",0.975719128329298,0.614582201948055,0.0554401984583838,0.361129610862552,1.11007505518764,0.728992569173103,0.101534993554669,0.381164229803101,0.6833,1.7344,-1.9299,0.7991,0.5786,0.2855
88,8,"R","20","F",19,0.6,"R",0.957064903846154,0.65379470281705,0.0684939615284382,0.303289825302714,1.04327067669173,0.643442713235148,0.0599325281732893,0.399876665682042,0.58,1.4874,-1.2299,1.0996,0.5629,0.2382
90,10,"R","23","F",21,1,"R",0.828320099255583,0.596209928156495,0.0721431506232324,0.232077129583553,0.924441396508728,0.686909998189186,0.0815392690751521,0.237535029852041,0.659,1.3177,-1.6912,0.7171,0.5524,0.1695
91,1,"L","19","M",21,-0.6923,"L",0.987300215982721,0.680546206807923,0.0854074519992568,0.306785046860725,1.09963157894737,0.782500207733527,0.111157508500008,0.317194976230793,0.5357,1.6236,-1.1916,1.4847,0.5803,0.183
92,2,"R","20","F",14,1,"R",1.02661096605744,0.745541952814395,0.0850009755338781,0.28110271292666,1.04211557788945,0.73195732853363,0.106545751794222,0.310215137242422,0.5416,1.3763,-1.1163,0.9041,0.6491,0.2667
93,3,"R","19","F",18,0.7143,"R",0.951589285714286,0.628609612623198,0.0513312310084085,0.322934041382187,1.06221686746988,0.718215701933475,0.0750967134131068,0.344024604036573,0.5925,1.5693,-1.3096,1.2683,0.5651,0.1933
94,4,"R","29","F",28,0.7895,"R",0.917797802197802,0.675458063186481,0.0741450299164295,0.24231539987674,0.956703539823009,0.732892230621333,0.0815722834128041,0.223838335171719,0.5799,1.4913,-2.1106,1.7739,0.6101,0.2566
95,5,"R","22","F",16,0.75,"R",0.9539625,0.663089978387306,0.0682496409443229,0.290896233548639,0.956645320197044,0.662286031088382,0.0389621015882017,0.294374499786308,0.5,1.3562,-1.1356,1.0179,0.5893,0.1276
96,6,"R","19","M",7,0.4118,"R",0.763076517150396,0.597697564097875,0.0660554916806406,0.165393081632791,0.783408227848101,0.612859814707256,0.0751324043685401,0.170557437076395,0.5,1.0284,-0.6671,1.2317,0.5397,0.2008
97,7,"R","23","NA",3,0.7391,"R",1.17870175438596,0.821515759022082,0.135244804428606,0.357141967857109,1.24530690537084,0.826201674312951,0.122319354724355,0.418970821527775,0.5208,1.4184,-0.9013,0.8722,0.7641,0.4261
98,8,"R","20","F",15,0.8571,"R",0.737411085450346,0.562814257076235,0.0644974496202357,0.174592337508177,0.803344827586207,0.627971414997302,0.0605603725344587,0.175369886386155,0.5999,1.1684,-1.5017,1.243,0.522,0.1617
99,9,"R","23","F",20,0.7,"R",0.863087976539589,0.5170926885549,0.0776738602470954,0.346029079659227,0.818330845771144,0.50699383565243,0.128666713001048,0.311247574312717,0.5208,1.4289,-1.4333,0.8506,0.4193,0.1725
101,1,"R","20","F",15,0.9091,"R",0.792194070080863,0.636871625022471,0.0574065040327911,0.155311098806908,0.804918414918415,0.669924084557648,0.0769353378813282,0.135003895733127,0.6315,1.1032,-2.4752,0.7925,0.586,0.2124
102,2,"R","21","F",18,0.9091,"R",1.1451746031746,0.738927302398036,0.07391649474543,0.406234045532325,1.29378521939954,0.828459018669641,0.0897578459997874,0.465218967067768,0.6333,1.7506,-1.549,1.2007,0.6814,0.4051
103,3,"R","20","F",17,0.6923,"R",1.0772471395881,0.619155891951175,0.0649774951799535,0.458018415389462,1.25423869346734,0.709933495209132,0.109966610569143,0.544245705385662,0.6034,1.7172,-1.1584,1.0312,0.5677,0.3979
104,4,"R","19","NA",5,0.7895,"R",0.927717539863326,0.597573949821519,0.0494574418007407,0.330143231368887,1.04013075060533,0.675131890914584,0.078491788753094,0.364980100632253,0.611,1.5919,-1.359,1.1093,0.5238,0.1578
105,5,"R","20","F",21,0.7273,"R",0.98179006772009,0.642624753143592,0.069386426446841,0.339091187814264,1.11546534653465,0.736519425674427,0.0876763414756967,0.378897490805853,0.6071,1.6227,-1.3116,1.2174,0.566,0.1238
106,6,"R","24","NA",21,0.75,"R",0.878047191011236,0.618772480092983,0.0517889614862485,0.259296947089246,0.978407494145199,0.738483340596799,0.0679084421982978,0.239924207812643,0.6458,1.4337,-1.6888,1.0988,0.5841,0.1621
107,7,"L","21","F",25,-0.3043,"L",0.838144859813084,0.678450590138477,0.0775727196557718,0.159677813908919,0.864877995642702,0.75302170544158,0.125868986607019,0.111872539052592,0.675,1.142,-2.9679,1.1583,0.6475,0.319
108,8,"R","21","F",22,0.7692,"R",0.795047281323877,0.571323782904729,0.0429830523622895,0.22376800131668,0.881612745098039,0.620724687463518,0.0501550276891618,0.260893427409778,0.6363,1.2925,-1.6872,1.0737,0.5335,0.1475
109,9,"R","20","M",23,0.84,"R",0.817695035460993,0.652815284521889,0.0545420775645014,0.164897356162519,0.831186788154898,0.633258467050828,0.0556535783888287,0.197921813903206,0.525,1.1889,-1.8014,1.6681,0.5788,0.1888
110,10,"R","20","F",7,0.84,"R",0.871439678284182,0.638845420107918,0.0597952008549368,0.232646903601282,0.937922872340425,0.683381273979503,0.055315691644544,0.254537401322162,0.5952,1.2121,-1.2955,0.6228,0.5952,0.1469
111,1,"R","19","F",15,0.5,"R",0.964927184466019,0.794939307372137,0.124393503049897,0.169997509108208,1.03104705882353,0.880185529285041,0.153582305462186,0.150840140145862,0.675,1.1489,-2.4229,0.6222,0.7823,0.4639
112,2,"R","18","F",9,0.6923,"R",0.906041666666667,0.587795014861344,0.0554875630900886,0.318265117120312,0.994483028720627,0.679714190703339,0.0880073132821257,0.314829778696046,0.5799,1.4465,-1.1337,0.8008,0.5393,0.2151
113,3,"R","21","F",13,0.7,"R",1.11420134228188,0.715053248614291,0.0641234638043896,0.399091195114245,1.19229857819905,0.779084364628484,0.0713446295068148,0.413247690195208,0.5714,1.669,-1.3542,1.3822,0.644,0.2084
114,4,"R","20","F",12,1,"R",1.03492631578947,0.662725944071088,0.0694132077214698,0.372170949613331,1.09188045977011,0.690328477067683,0.0671027556418793,0.40149733920375,0.5961,1.551,-1.6579,0.551,0.6044,0.2637
115,5,"R","19","M",26,0.6923,"R",0.77969212962963,0.57514761347454,0.0500412436333002,0.204519139982757,0.849187951807229,0.578404407583842,0.0604770667895191,0.270740022215255,0.5208,1.3911,-1.3385,1.8159,0.4716,0.1027
116,6,"L","18","F",13,-0.6,"L",0.748631944444444,0.581363219016093,0.0492472040138209,0.167248838998151,0.768697969543147,0.602778315953795,0.0538556908080104,0.16591052032473,0.4737,1.0957,-1.2698,1.9245,0.535,0.1875
117,7,"R","20","F",11,0.4737,"R",0.867922196796339,0.65048784466295,0.0604691391153,0.217422754716868,0.867937649880096,0.638737218352013,0.071927511055021,0.229205679088595,0.4783,1.3762,-1.1831,1.6384,0.5475,0.1048
118,8,"R","27","F",19,1,"R",1.01212171837709,0.570590338902693,0.0514407349022486,0.441616819694732,1.07729439252336,0.612281201738948,0.0501470265203108,0.465046011579857,0.5833,1.7276,-1.2413,0.9027,0.4616,0.0826
119,9,"R","20","F",15,1,"R",0.986968680089485,0.668425763617357,0.0762823936497568,0.318593418631348,1.13282019704434,0.828153230382222,0.146675026799477,0.304656204536622,0.6296,1.6066,-1.2671,1.1801,0.6121,0.2878
120,10,"R","18","F",6,0.4615,"R",1.05325862068966,0.738265694183711,0.0868091921608509,0.314953101522459,1.137425,0.770960759556599,0.0577445016055025,0.366579948760666,0.5833,1.4159,-1.2301,0.919,0.6804,0.2495
121,1,"R","20","F",6,0.8,"R",0.961531468531469,0.594024557950361,0.0867080911998638,0.367490660742501,1.15392481203008,0.695658511734307,0.0691279520478582,0.458326546370438,0.6428,1.6105,-1.301,0.8278,0.5499,0.2717
122,2,"R","20","F",26,0.6923,"R",0.956873614190687,0.726262572850748,0.0656165298288871,0.230622974048059,1.1132180974478,0.868661425393128,0.103775076895942,0.24451967512842,0.6851,1.5555,-1.9521,1.3292,0.6707,0.2195
123,3,"R","19","F",28,0.8667,"R",1.08542793791574,0.701188866005015,0.0536573701587611,0.384177413808079,1.31148801742919,0.920672315145113,0.166806524913228,0.3908396255124,0.7142,2.0287,-1.9829,1.0976,0.6366,0.2724
124,4,"R","21","F",22,1,"R",0.866921052631579,0.605269836090533,0.0419210937519921,0.261679811379796,0.979911214953271,0.674479434058413,0.0703864424311704,0.305408715479002,0.6153,1.5501,-1.6447,1.3471,0.5301,0.1215
125,5,"R","21","F",21,0.4286,"R",0.758048717948718,0.603002156247694,0.0652368253306957,0.155043089694412,0.785892944038929,0.631985802402273,0.0724438791282222,0.153907764036701,0.5833,1.0834,-1.7193,1.0566,0.5524,0.204
126,6,"R","17","F",20,0.8889,"R",0.973258823529412,0.692841545042369,0.084072030786568,0.280478246593296,1.04213856812933,0.772362675640669,0.105074879687428,0.269814948977954,0.6199,1.4501,-1.7297,0.9771,0.6264,0.2516
127,7,"R","21","F",5,0.7273,"R",1.0766724137931,0.718311016926408,0.0670278616880474,0.358403417753579,1.09559101654846,0.737183034710322,0.0879674315616676,0.358359174442075,0.5769,1.4953,-1.417,0.4756,0.64,0.2931
128,8,"R","20","F",15,0.8261,"R",0.893200460829493,0.639912061102083,0.0652002451450657,0.253320654304034,0.95024537037037,0.684777919008204,0.0709564416065309,0.265429330052354,0.5999,1.4348,-1.7476,1.3036,0.5724,0.2062
129,9,"R","22","F",12,0.8947,"R",0.776266365688488,0.575980342672903,0.0558588887566183,0.200295245684563,0.844227272727273,0.633567900552613,0.0640140618159174,0.210647669091869,0.6086,1.3178,-1.9454,1.4683,0.5251,0.1618
130,10,"R","24","F",20,0.92,"R",0.77268903803132,0.604234332922866,0.0535959278581837,0.168423985251925,0.8531375,0.670011843500371,0.0773374066209752,0.183114932433082,0.5952,1.2591,-1.5322,1.7322,0.5474,0.1425
131,1,"R","56","F",19,1,"R",1.02771641791045,0.623376662455564,0.0427887959289359,0.404240794762494,1.26315124153499,0.73997618659919,0.0588384516292744,0.523143407111872,0.647,1.9659,-1.7462,1.4481,0.545,0.177
132,2,"R","18","M",14,0.4286,"R",0.998261964735516,0.768602975055541,0.0952925907617413,0.229706228230778,1.01264356435644,0.757055259137966,0.0854634960870762,0.255604507705941,0.5237,1.209,-1.1475,1.0566,0.7064,0.2938
135,5,"L","22","M",23,-0.0435,"L",0.879822727272727,0.659419096443918,0.069114352486867,0.220356417762195,0.930146511627907,0.696476169824194,0.0657047541841515,0.233662100417975,0.5869,1.3377,-1.7387,1.3589,0.5996,0.1772
136,6,"R","20","F",17,0.5556,"R",0.938467391304348,0.624415135021817,0.0441341789500864,0.314013391226171,1.11163414634146,0.750010052706128,0.0612609188024593,0.361705361370474,0.6034,1.6969,-1.4295,1.7301,0.5557,0.1384
137,7,"R","20","M",20,0.4783,"R",0.922301886792453,0.635231415341737,0.0608974506718915,0.287084610661587,1.05513399503722,0.700812268508583,0.0921568448115186,0.354281892592354,0.62,1.4391,-1.4099,1.1091,0.5981,0.2773
138,8,"R","24","M",12,0.3333,"R",0.964284403669725,0.626812393275997,0.0469760860757722,0.33738730892545,1.00600680272109,0.669737629637297,0.0609361861012859,0.336272610721397,0.574,1.6077,-1.5179,1.2116,0.5446,0.1086
139,9,"R","29","F",14,0.4615,"R",0.718852272727273,0.520909573648159,0.0516220862675172,0.197930961424564,0.777452322738386,0.566954531445004,0.0494331355876195,0.210498424352556,0.5714,1.2551,-1.5064,1.3264,0.4695,0.0842
140,10,"R","18","F",6,0.8462,"R",0.846631313131313,0.58382684779803,0.0562237734570597,0.262806722339843,0.927677647058823,0.671670167407015,0.087699406326366,0.25602291617889,0.6666,1.4086,-1.9263,0.6446,0.5446,0.2509
141,1,"R","18","F",14,0.619,"R",1.09211807228916,0.635631004555631,0.0773803150806163,0.456413238570842,1.16114382022472,0.687573603678369,0.0686779460946621,0.473579953596601,0.5967,1.7862,-1.4586,0.9234,0.5311,0.0767
142,2,"R","18","F",18,1,"R",1.14703944315545,0.699692255293242,0.0923972174055977,0.447133842950894,1.26943107769424,0.79752679996534,0.101868148258339,0.471687488024061,0.5714,1.6105,-1.1467,0.9859,0.6666,0.3302
143,3,"R","17","M",14,0.7273,"R",1.09545454545455,0.656310127700314,0.0899278047477564,0.439111294971891,1.4410523415978,0.605999710188227,7.00320375876653e-08,0.842737748716033,0.6034,1.6691,-0.8528,1.1193,0.6299,0.3363
144,4,"R","23","M",22,0.4615,"R",0.7475775,0.56292726190143,0.0685587017375575,0.184669411481741,0.774007177033493,0.529428965887451,0.0408374771753779,0.244548580186645,0.5237,1.2059,-1.455,1.2592,0.4753,0.1811
145,5,"R","19","F",12,0.913,"R",0.953259860788863,0.68931453907361,0.0628514957335804,0.263890014957942,1.01124703087886,0.739711644727753,0.074694448619593,0.271425033121344,0.5833,1.4324,-1.4309,1.2024,0.6213,0.2003
146,6,"R","17","M",14,0.7333,"R",1.04997453703704,0.724353497197546,0.0908226209034993,0.325607950070377,1.1321803652968,0.794176021482299,0.0961413054796759,0.33791998094078,0.6111,1.5691,-1.596,1.0845,0.6602,0.2984
147,7,"R","26","F",12,0.75,"R",1.00121350762527,0.623352909189515,0.051049838457953,0.377858544435396,1.22096363636364,0.771565553748692,0.0669304536493155,0.449250333929622,0.6562,1.8954,-1.5411,1.3006,0.5634,0.2617
148,8,"R","21","F",16,0.7273,"R",1.00840990990991,0.647611346794125,0.0724170517001167,0.360789403865522,1.22859731543624,0.76520019137847,0.0895142770560546,0.463338652506639,0.6718,1.8872,-1.6543,1.0777,0.571,0.2353
149,9,"R","22","F",18,0.7692,"R",0.792689956331878,0.623228945467663,0.0563058745679252,0.169475763879732,0.892327981651376,0.709102455987919,0.0730976382593506,0.183217702030118,0.6521,1.3207,-2.1251,1.6235,0.5746,0.1157
150,10,"R","19","F",7,0.3333,"R",1.06320604395604,0.657422379058257,0.0689780720242594,0.405820229603705,1.16451086956522,0.815068721743619,0.162741632941817,0.349543834839015,0.6481,1.5519,-1.305,0.4777,0.6358,0.3349
151,1,"R","21","M",9,0.4286,"R",1.11435543766578,0.724828937839559,0.191929808214481,0.389566450371241,1.11573657289003,0.704991814052961,0.161246354079633,0.410654072620896,0.5184,1.5692,-1.073,1.0529,0.5941,0.486
152,2,"R","20","M",21,0.7895,"R",1.11876905311778,0.739142215062935,0.108355850384469,0.379675182822632,1.20309691629956,0.751488521069303,0.112668765761392,0.451628543263044,0.5468,1.8619,-1.4345,1.4015,0.5818,0.2775
153,3,"R","21","F",17,1,"R",0.824725173210162,0.589840140395906,0.0798075584107444,0.234894305658233,0.840536748329621,0.628707721819598,0.0668098048621408,0.211858250849676,0.5908,1.2917,-2.0319,1.1017,0.5443,0.1936
154,4,"R","18","F",13,0.7692,"R",0.858614035087719,0.594070751310245,0.0614899205508388,0.264513591153507,0.962978947368421,0.698631455455735,0.0998435289946836,0.264387083788107,0.6041,1.4163,-1.175,1.298,0.5445,0.2234
155,5,"R","20","F",10,0.9,"R",1.02333732057416,0.734032454243056,0.0825370255987733,0.289316662054604,1.05879194630872,0.750614461372891,0.0772362708472848,0.308184384852586,0.5769,1.5069,-1.6428,1.0859,0.6513,0.2723
156,6,"R","19","F",20,0.8462,"R",0.875772609819121,0.585825092964273,0.0603784074397583,0.289947707542986,0.914409302325581,0.620954142318747,0.0668895898680072,0.293434237995221,0.6249,1.3957,-1.7155,0.5972,0.5298,0.2581
157,7,"R","20","M",12,0.6154,"R",1.2337922705314,0.72761671527466,0.0927730911065067,0.505984169562528,1.33432786885246,0.812794938583645,0.140006360587975,0.521502609110902,0.6206,1.6691,-1.401,1.0371,0.7009,0.5798
158,8,"R","19","F",13,0.6154,"R",1.06847160493827,0.717525074383581,0.0994602372977132,0.350918289738926,1.14270909090909,0.790365569686779,0.132887093898828,0.352415439372115,0.6428,1.6105,-1.8241,0.7598,0.6614,0.4493
159,9,"R","23","F",6,0.3077,"R",1.27389896373057,0.722903459106069,0.0731266589511902,0.55093106911092,1.45959693877551,0.790366653730882,0.0773332933436805,0.669212790528328,0.6724,1.6746,-1.6584,0.9866,0.7787,0.8483
160,10,"R","47","F",10,0.8947,"R",1.07604205607477,0.708256873369175,0.0532743888533524,0.367827404288727,1.14497872340426,0.808594977010487,0.0626918013844595,0.33627893900373,0.6153,1.5003,-1.6782,0.922,0.6764,0.2128
162,2,"R","23","M",18,0.4615,"R",0.915726244343891,0.608479648612936,0.0622864266300815,0.307239372801976,0.949493023255814,0.623713864493127,0.057877434458244,0.325722096057115,0.5384,1.4983,-1.338,1.2067,0.528,0.1452
163,3,"R","22","F",10,0.4167,"R",1.05260696517413,0.646615679295206,0.0851154946769895,0.406041281867571,1.13988990825688,0.720484805008896,0.0731067837870741,0.419369922928571,0.6206,1.7001,-1.5419,0.8458,0.5792,0.2833
164,4,"L","21","F",29,-0.5238,"L",0.901307692307692,0.584228331809055,0.0611959502754982,0.317097594052365,0.979714285714286,0.615187962926884,0.058281113117257,0.364524600878747,0.6034,1.6906,-1.7535,1.3089,0.4831,0.2136
165,5,"R","22","F",15,0.8947,"R",0.988014184397163,0.606257502477974,0.0688420638209122,0.38186252207762,1.08499078341014,0.694007428127619,0.139208407361015,0.390953002770397,0.6129,1.7893,-1.5671,1.0314,0.4991,0.3611
166,6,"R","19","F",19,0.76,"R",0.805668981481481,0.641521504610722,0.114268959780192,0.164119020266309,0.869247448979592,0.683606278422767,0.0858191089417314,0.185663576978177,0.5749,1.1426,-1.3384,1.1607,0.5868,0.2242
167,7,"R","21","F",25,0.8,"R",1.05648484848485,0.628050137055935,0.0922199412919481,0.428371317298927,1.17405620608899,0.703930426132616,0.085095150358012,0.470161628960791,0.5499,1.742,-1.1588,1.3124,0.5555,0.2569
168,8,"R","19","F",25,0.5238,"R",0.807114470842333,0.585399244596832,0.0495732702448182,0.221718633482148,0.84865393258427,0.585460728991573,0.0445185218480837,0.263250576763361,0.4808,1.5236,-1.471,2.1938,0.4804,0.013
170,10,"R","21","F",21,0.6923,"R",0.861768261964736,0.642360905954631,0.0747738776515014,0.219389428491073,0.85796725440806,0.607855403391906,0.0520585720326612,0.250156246283361,0.4773,1.2613,-1.0413,1.1113,0.5456,0.1792
171,1,"R","19","F",8,0.1579,"R",0.761007075471698,0.541118170505115,0.0816051063798069,0.219884351630276,0.802610599078341,0.59077188513326,0.0784126566335439,0.21183575792592,0.6136,1.2799,-1.9075,0.9746,0.4984,0.2326
172,2,"R","23","M",12,1,"R",1.1625079006772,0.813662650452309,0.178754363740711,0.348798797479398,1.2900725,0.936618768995532,0.206941372813187,0.353483781678519,0.5769,1.4934,-1.2927,1.117,0.771,0.6612
173,3,"L","19","F",19,-0.3684,"L",0.676774266365688,0.556708616893526,0.0686733021633675,0.120058807666387,0.767238095238095,0.643910139705705,0.0709123525611165,0.12333633576677,0.7,1.142,-2.6294,1.4129,0.5228,0.1707
174,3,"R","20","F",13,0.8462,"R",0.987920289855073,0.632082145170677,0.118543977620026,0.355877970573921,1.15774226804124,0.780076392840802,0.114385748854561,0.377722291669774,0.6607,1.6159,-1.4833,0.831,0.5833,0.3535
175,5,"R","18","F",10,0.7333,"R",1.11961111111111,0.659033310621368,0.0715443023461683,0.460538339487844,1.15016363636364,0.723488071854407,0.112112798807872,0.426619782664429,0.6206,1.674,-1.4908,0.8858,0.6026,0.3316
176,6,"R","21","F",17,0.9048,"R",1.30669086651054,0.678673508508551,0.0992352917268862,0.628037673037816,1.35690561797753,0.60664687109671,0.000235015765826227,0.750412956487724,0.55,1.7417,-1.3468,1.1722,0.6593,0.5573
177,7,"R","20","F",14,0.8462,"R",0.728772935779816,0.524919505354501,0.0310502453784232,0.203872941614644,0.817439716312057,0.536955228910291,0.0333643403942959,0.280471759500435,0.5652,1.3533,-1.5057,1.7282,0.4459,0.0227
178,8,"R","22","F",24,0.75,"R",0.758361556064073,0.527844381950371,0.0531628480637845,0.230514008119575,0.879853773584906,0.577718189379339,0.0648804557803289,0.302085572364089,0.6199,1.4895,-1.6052,1.2777,0.4438,0.0803
179,9,"R","17","F",13,0.8889,"R",1.14542666666667,0.728088167033528,0.0972508884661173,0.417309340888969,1.19599564270153,0.900741109775094,0.19100025361842,0.295223325735186,0.6129,1.7903,-1.7493,1.1945,0.663,0.4189
180,10,"R","18","F",18,0.913,"R",1.00027488151659,0.665676926512908,0.0978829789827739,0.334614746851965,1.13554126213592,0.771576401776376,0.11950973618838,0.363984915981753,0.6428,1.6105,-1.5106,0.9556,0.5878,0.2714
181,1,"R","19","F",17,0.913,"R",0.994802352941176,0.62786331010318,0.0765460756676795,0.366995302561687,1.13324379232506,0.684742668843072,0.0589612132837905,0.448547638732943,0.6333,1.7505,-1.6504,1.0574,0.5491,0.2596
182,2,"R","19","M",10,0.7692,"R",1.18780203045685,0.812631822355556,0.140337741449578,0.375148911873172,1.20602036199095,0.76234504107088,0.0859597633071842,0.443787919231607,0.5517,1.6701,-1.32,0.9855,0.6632,0.3408
183,3,"R","19","F",8,1,"R",0.864490783410138,0.536164066714457,0.0385403131443066,0.328322414954854,1.01222427440633,0.652070720104387,0.0687612143869076,0.360198433869614,0.6296,1.5822,-1.1464,0.9874,0.4686,0.0902
184,4,"R","20","F",6,0.8095,"R",1.27602919708029,0.715363326276381,0.100323949509905,0.560642703019839,1.45066163141994,0.758512207343037,0.058099351815429,0.692046976348381,0.5,1.6111,-0.6466,1.0528,0.6945,0.5809
185,5,"R","19","M",21,0.44,"R",0.832312227074236,0.5854622326758,0.0461241493101921,0.246804282029035,0.917918552036199,0.616420917390933,0.0649331974806167,0.301534572397372,0.5555,1.5962,-1.5174,1.7827,0.4777,0.0675
187,7,"R","21","F",7,0.6667,"R",0.918176470588235,0.600595966040104,0.0519421323385984,0.3175254066186,1.03914252336449,0.636238342162823,0.0500410199701561,0.402910747178092,0.5689,1.6784,-1.2572,1.2789,0.4943,0.0641
188,8,"R","21","M",20,0.6154,"R",1.22162915601023,0.860088500155861,0.168642050682067,0.361528130747055,1.27249078341014,0.884838939261343,0.187390240769459,0.387870737609085,0.6,1.4363,-1.6595,0.6399,0.8377,0.7411
189,9,"R","29","F",24,1,"R",0.864215246636771,0.61085822561205,0.0433139685260284,0.253314431162304,0.944733183856502,0.653967920746293,0.0632874370116268,0.290735756235908,0.5926,1.5843,-1.7997,1.581,0.5295,0.1732
190,10,"R","21","F",21,1,"R",1.03899757281553,0.588696492479724,0.0498424312959352,0.45038488502873,1.08610337078652,0.654611073746841,0.0858361647751539,0.431549463310651,0.6166,1.7377,-1.6487,0.7981,0.5078,0.2861
193,3,"R","19","M",16,0.6154,"R",0.723468834688347,0.549417578646101,0.0619222564037367,0.174031470646951,0.711079439252336,0.508419601469432,0.0606135045072264,0.202640588431695,0.5249,1.1477,-1.6323,1.1677,0.4655,0.2364
195,5,"R","25","F",27,0.7692,"R",0.847762004175365,0.633474451739529,0.0515351919046576,0.214285180005039,0.989831081081081,0.711209154353258,0.10358544323811,0.278603032654256,0.5536,1.6599,-1.6006,2.3266,0.5408,0.1917
196,6,"R","18","F",3,0.913,"R",1.17645642201835,0.707450050089415,0.0934377774771333,0.469260056012905,1.338,1.18607660500154,0.36372281271447,0.152014667508944,0.6111,1.5523,-0.9335,1.0362,0.7444,0.7881
197,7,"R","20","F",10,1,"R",0.881577011494253,0.64248961606734,0.0758781819010518,0.239196201966649,1.01416397228637,0.783657312898584,0.0949449313895273,0.230544106973515,0.74,1.4348,-2.5229,0.855,0.6427,0.3411
198,8,"R","21","F",8,0.6154,"R",1.35757765667575,0.959575618211454,0.164593694237435,0.39793330540121,1.51683924349882,1.15308051839691,0.233679646709678,0.363895727009555,0.6852,1.5523,-1.8047,0.1228,0.9848,0.6285
199,9,"R","42","F",18,0.3846,"R",1.05569574944072,0.863480244409635,0.135185536357931,0.192256714143667,1.06441870824053,0.824706598209604,0.101423658941725,0.239743250989807,0.5217,1.3386,-1.7523,1.7445,0.7589,0.4128
200,10,"R","19","F",9,0.6923,"R",0.719458115183246,0.602701467425882,0.102783436911051,0.116746207234719,0.781358288770053,0.637537906161841,0.0840790486951502,0.143809543373288,0.647,0.993,-1.9298,0.6432,0.557,0.233
202,2,"R","24","F",18,0.2727,"R",0.969717948717949,0.569060792027932,0.0423786773066633,0.40067010515362,1.0233995584989,0.622639026883414,0.0730549993144448,0.400757059349321,0.5806,1.8304,-1.6409,1.1843,0.4638,0.1559
203,3,"R","20","F",9,1,"R",0.916966981132075,0.57217524811769,0.0520847349473614,0.344745616179705,1.00251477832512,0.63000445636091,0.0635193319376783,0.372573579824463,0.574,1.5838,-1.095,1.0864,0.482,0.1093
205,5,"R","18","F",14,1,"R",1.12826724137931,0.724440680559608,0.176367875005082,0.403848404280172,1.2501712962963,0.840760757143625,0.180100225283161,0.40941923443075,0.6166,1.7276,-1.7677,1.3938,0.7016,0.7567
206,6,"R","21","F",18,0.75,"R",0.696710648148148,0.49610529700163,0.0482658031124833,0.200589160093198,0.773054545454545,0.54362668568542,0.0702607082016708,0.229430710385915,0.5908,1.2828,-1.4136,1.577,0.4321,0.147
207,7,"R","22","M",23,1,"R",0.986944444444444,0.565404220308435,0.0467822844469223,0.421542072759329,1.06832380952381,0.661042345431389,0.113559369589623,0.407238826669898,0.6034,1.713,-1.3102,0.8902,0.4972,0.2965
208,8,"R","21","F",6,0.9231,"R",1.11058095238095,0.694372310973883,0.0776635132690796,0.416210377164575,1.25206434316354,0.955494950055779,0.201468315643299,0.296525013621981,0.5925,1.5709,-0.858,0.6695,0.6891,0.3865
209,9,"R","30","F",19,1,"R",1.01772767857143,0.625696697631472,0.0596478400224181,0.39200868197882,0.991581395348837,0.562875676838766,0.0300558711189904,0.428727453519881,0.4465,1.6673,-1.1451,1.4779,0.509,0.2298
210,10,"R","24","M",11,0.3333,"R",1.28464761904762,0.844921333643983,0.152689414194121,0.439757840679313,1.25114496314496,0.72682951341864,0.0610614447734037,0.52426947780771,0.3751,1.6202,-0.8496,1.438,0.7284,0.5432
211,1,"L","20","F",11,-0.8824,"L",0.685512359550562,0.557636507222053,0.0450114406746353,0.127866152895163,0.687709750566893,0.545055800597201,0.0445984816806981,0.142649354027826,0.4722,1.0444,-1.7898,2.2965,0.5027,0.0965
212,2,"R","28","M",18,0.3077,"R",1.02311135857461,0.685407498170575,0.0951611015872112,0.337796243609235,1.10492307692308,0.837410579134956,0.170408822263515,0.267527327832145,0.6379,1.7276,-1.8065,1.271,0.6047,0.3249
213,3,"R","18","F",6,0.619,"R",0.902294117647059,0.627126145337114,0.0573504220931328,0.275212126753503,0.879192660550459,0.624047056004366,0.0785834388060973,0.255110680440585,0.5434,1.3538,-1.5766,0.9715,0.5459,0.2282
214,4,"R","19","M",6,0.8261,"R",1.11202105263158,0.888664741654718,0.172881329054789,0.223326712030703,1.19295441595442,0.996907794757395,0.192718579797738,0.196075378270238,0.5681,1.2702,-0.763,0.57,0.818,0.4189
215,5,"R","25","F",20,0.3,"R",0.719024336283186,0.595368804881536,0.0750817826084168,0.123668156031129,0.754094688221709,0.611456733799117,0.056983742831628,0.142638514672328,0.5526,1.0978,-2.151,1.9582,0.5379,0.1749
216,6,"R","19","F",10,1,"R",1.06969555035129,0.583549544701487,0.0895065481356232,0.486024477557861,1.19007425742574,0.696378753706221,0.111397867518909,0.493665924483477,0.5689,1.6941,-1.044,0.771,0.539,0.36
217,7,"R","21","F",19,1,"R",0.702473958333333,0.510426998834855,0.0669809551924957,0.192036157812317,0.723807980049875,0.514982297877459,0.0622141804341181,0.208826248749506,0.5749,1.1667,-1.605,0.9664,0.4511,0.1776
218,8,"R","50","F",21,0.84,"R",1.22496995708155,0.804248232009253,0.102900352951232,0.420929262893276,1.52369772727273,1.00421346582034,0.104409985169533,0.519531428543356,0.6212,1.9432,-1.687,1.6355,0.7393,0.4967
219,9,"R","20","F",19,0.9048,"R",0.933148796498906,0.651471093258424,0.0801829201724761,0.281684863650715,0.967064301552106,0.688693913144513,0.08309132907968,0.278375598227178,0.5555,1.5558,-1.6164,1.5327,0.5588,0.225
220,10,"R","20","F",24,0.9231,"R",0.796795652173913,0.591534731002367,0.0572144898490331,0.205283705146955,0.874808716707022,0.660232984889759,0.0711493141332988,0.214564066909695,0.5652,1.3762,-1.5399,1.9154,0.5303,0.2073
221,1,"R","19","F",21,0.8462,"R",0.841694805194805,0.642142490936749,0.0493863901692991,0.199551701660918,0.918835189309577,0.74642211872701,0.0769776696238549,0.17240680912719,0.64,1.4487,-2.3331,1.6717,0.5918,0.139
222,2,"R","20","F",15,0.7391,"R",0.724852941176471,0.550960919765525,0.0499887396886036,0.173914433533349,0.820862694300518,0.630497238099245,0.0779909253935118,0.190369686681299,0.5909,1.3166,-1.1695,1.714,0.4869,0.1416
223,3,"R","24","F",23,0.68,"R",0.936346698113208,0.619458327425524,0.0711734844220493,0.316937831117451,0.973527964205817,0.644298169710413,0.0688462694386511,0.329382407051305,0.5555,1.6089,-1.545,1.2009,0.516,0.1198
224,4,"R","19","F",9,0.5,"R",1.13506459330144,0.741682876677486,0.112465462278858,0.393244174992838,1.0952030075188,0.69939884286051,0.0901573892103492,0.39572726618496,0.4424,1.5326,-0.901,1.3131,0.6373,0.4007
225,5,"R","18","F",17,0.8095,"R",0.987664335664336,0.684698982176592,0.0915483319626702,0.302959868877785,1.03688505747126,0.718020457322654,0.0976379186378055,0.318943092087307,0.5576,1.5493,-1.4366,1.2813,0.585,0.2713
226,6,"R","27","F",25,0.9231,"R",1.00015367965368,0.653715318248521,0.0461500023122303,0.346373291818126,1.04452888888889,0.742638247929712,0.0861757287908786,0.301938893696595,0.55,1.7341,-1.7639,1.5427,0.5679,0.241
227,7,"R","26","M",24,0.6842,"R",1.1355595505618,0.628635834701665,0.0604362747853217,0.506897406937723,1.20170952380952,0.72069384598313,0.0994149424388923,0.481161002303901,0.5535,1.6649,-1.3561,1.0988,0.5847,0.3555
228,8,"R","19","F",23,0.5385,"R",0.829889434889435,0.55414514233039,0.0458778684763949,0.275729597480085,0.868324786324786,0.582851568879769,0.066469004181407,0.285479190143529,0.6153,1.5416,-1.9975,1.0487,0.4537,0.1196
229,9,"R","20","M",12,0.6,"R",1.03110962566845,0.681857151850892,0.0996983841054419,0.349185483668654,1.17412222222222,0.843855462476696,0.177906117600697,0.330244830336036,0.6,1.4704,-0.9344,0.408,0.6667,0.4123
230,10,"R","35","F",22,0.6154,"R",0.783111842105263,0.594883720392871,0.043875043505621,0.188215406029547,0.840721603563474,0.654807783821314,0.057831525342845,0.185859162118166,0.6087,1.3187,-2.0585,1.5978,0.5477,0.143
231,1,"R","18","M",17,0.3846,"R",0.564472941176471,0.502192047722224,0.0369323559207539,0.0622840180748113,0.563421412300683,0.509978087380626,0.0368163972164406,0.0534484179402199,0.5,0.7106,-2.7851,2.3889,0.4751,0.0874
232,2,"R","20","F",15,1,"R",0.64329792147806,0.50280234915401,0.0435009475694182,0.140496042197386,0.736708762886598,0.585844448017609,0.0412040447306371,0.150862020608195,0.7105,1.0869,-2.3363,0.912,0.4983,0.1171
233,3,"R","19","M",9,0.5385,"R",1.03553899082569,0.672664428232553,0.0859926492023068,0.36281967032281,1.24861961722488,0.75496643327113,0.114296180129174,0.493604247272866,0.6612,1.7904,-1.4205,1.0393,0.5881,0.3781
234,4,"R","20","F",11,0.5385,"R",0.868963470319635,0.600435478053985,0.0616540452284881,0.268568759737866,0.907864077669903,0.599453739482868,0.0383179328419825,0.308489555107293,0.5208,1.41,-1.1882,1.376,0.5144,0.0799
235,5,"R","22","F",13,0.9091,"R",0.858376262626263,0.699140860496459,0.0983981652607512,0.159253267669301,0.799883408071749,0.615547369588766,0.0654966196062235,0.184323725535982,0.4251,1.1857,-1.4549,1.4695,0.5758,0.2108
236,6,"R","22","M",11,0.6,"R",0.866516795865633,0.615268682448777,0.0667475289854983,0.2512300268807,0.881537037037037,0.601170474251507,0.0593024233445079,0.280392778940283,0.5624,1.3827,-1.4774,0.9627,0.5191,0.1725
237,7,"R","23","F",21,0.5455,"R",0.760744827586207,0.557011208679022,0.0450866562803318,0.203717497433704,0.77052027027027,0.597108856741896,0.065800650895508,0.17339663153863,0.5476,1.2432,-1.9059,1.3998,0.5033,0.0865
238,8,"R","21","F",14,0.7692,"R",0.914947963800905,0.606447807839206,0.0496032891335326,0.308518898342158,1.05049278846154,0.723699953097805,0.0838490610290384,0.326751811136315,0.6428,1.6123,-1.4577,1.152,0.5376,0.1677
239,9,"R","21","F",5,0.52,"R",0.908827956989247,0.604268466956554,0.0810073076211894,0.304556081257846,0.924087087087087,0.638640990073863,0.0755730472537375,0.285394506375986,0.5227,1.2881,-0.6446,0.7257,0.5416,0.2193
240,10,"R","30","F",8,0.6923,"R",1.50253211009174,0.888809962265425,0.111899453175524,0.613581700446601,1.4553550295858,0.862176781836565,0.0806061184496836,0.593248937083253,0.3793,1.6844,-0.1217,1.3861,0.8254,0.5158
241,1,"R","29","M",17,0.8462,"R",0.819930493273543,0.635370019397955,0.0599718905856334,0.184585147921026,0.892571428571429,0.735987806414996,0.0993576970758277,0.156570941002667,0.6304,1.3762,-2.1561,1.6002,0.5768,0.212
242,2,"R","18","F",11,0.6154,"R",0.910134210526316,0.657883366768954,0.13965245664411,0.252050133747581,0.989490384615385,0.697284378156461,0.12578429619388,0.292137617443748,0.6304,1.3494,-1.5914,0.3554,0.6162,0.3706
243,3,"R","21","M",21,0.8095,"R",0.9744,0.618034552818899,0.0525819445953806,0.356395627280323,1.06466813186813,0.665374861408561,0.0624576521426892,0.39928065531938,0.55,1.7668,-1.4686,1.535,0.5165,0.1378
244,4,"R","18","F",3,0,"A",0.732898514851485,0.562928975915477,0.0645777596069132,0.170008762295446,0.782954423592493,0.640797095802928,0.0754175885011767,0.142161084201598,0.6315,1.1017,-1.6625,0.8725,0.5376,0.1964
245,5,"R","20","F",13,1,"R",1.02334731934732,0.665893009148643,0.0790346259381446,0.357400956566762,1.18159759036145,0.854251914064357,0.0972859923236575,0.327313282157075,0.6851,1.5693,-1.5749,0.8177,0.648,0.2822
246,6,"R","22","F",15,0.8889,"R",1.09683035714286,0.650413610085945,0.0856777575443962,0.44633669198314,1.19582339449541,0.726303479200293,0.0597266566620806,0.469425744811019,0.5806,1.8066,-1.4591,1.3058,0.576,0.3772
247,7,"R","20","M",18,0.5556,"R",0.670573493975904,0.534939690837361,0.0644554573277985,0.135632944438905,0.661663507109005,0.507143864238524,0.0551149916559597,0.154507628960773,0.4706,1.0174,-1.4747,1.6931,0.4741,0.1772
248,8,"R","20","M",10,0.5,"R",1.00050492610837,0.644238685229917,0.0695502643872735,0.356305106820134,1.00615081206497,0.689112019917054,0.0821384014141974,0.317039369399888,0.5599,1.4934,-1.3912,0.8332,0.5738,0.1652
249,9,"R","19","M",10,0.7273,"R",1.00998847926267,0.636133038047056,0.0938959589473016,0.373851534625066,1.21126477541371,0.752699260050345,0.11232231204083,0.458613522143976,0.65,1.7729,-1.4694,1.0127,0.5647,0.3095
250,10,"R","18","F",13,0.9,"R",0.733946759259259,0.535062063723117,0.0676063217223404,0.198912910924194,0.757340909090909,0.570681945999283,0.0644620939584942,0.186642212931343,0.5237,1.2165,-1.3349,1.4593,0.4687,0.1839
251,1,"R","19","M",15,0.6522,"R",1.1328133640553,0.808303775961221,0.166529292748394,0.324527011083336,1.20951991150442,0.912955105688652,0.220875899307084,0.296537174139175,0.6111,1.6065,-1.728,1.1812,0.7324,0.5754
252,2,"R","23","M",20,0.8462,"R",1.01833488372093,0.69607607479202,0.0762629600996333,0.322266694963503,1.14588418708241,0.768233351190984,0.0885868778231199,0.377703749857923,0.6551,1.6954,-1.8895,1.066,0.6213,0.2776
253,3,"R","22","M",23,0.5789,"R",1.42510412147505,0.868976655313456,0.188874383908723,0.556178634749101,1.56033634311512,0.899544930636495,0.0730844963910311,0.691704034956413,0.6617,1.9619,-2.4095,1.7387,0.8894,0.9627
254,4,"R","66","F",28,0.7692,"R",1.05174398249453,0.668505403594492,0.0835131833648888,0.383183516006771,1.11721982758621,0.750959447881438,0.089762414681628,0.366309238361554,0.5882,1.9927,-1.956,1.5438,0.5351,0.1767
255,5,"R","19","M",22,0.8261,"R",1.24639168490153,0.709583619661998,0.0961094264910172,0.53671688477046,1.39580434782609,0.799920930970896,0.122624268684556,0.596033547823675,0.5484,1.8064,-1.3002,1.266,0.6639,0.4228
256,6,"R","20","M",11,0.9167,"R",0.729152777777778,0.584121867158167,0.0662004851731382,0.145027018069707,0.850247126436782,0.644255992055568,0.0451382372555577,0.205981765570136,0.6111,1.0683,-1.317,1.3802,0.5564,0.2267
257,7,"R","33","M",31,0.9,"R",0.907321888412017,0.661574606839539,0.0589767216424633,0.245700269396645,1.0175010989011,0.767327600479683,0.0622311057780848,0.250186691927078,0.6207,1.6952,-2.1604,1.6685,0.5831,0.1518
258,8,"R","26","M",22,0.3077,"R",0.896551487414188,0.630832700905746,0.0431910327481944,0.265683316627808,0.906463675213675,0.653147743956424,0.0452597756046531,0.253331741694182,0.5576,1.5002,-1.9687,1.2876,0.5413,0.0675
259,9,"R","20","M",14,0.8333,"R",1.00024406047516,0.647950742651483,0.0656160455772819,0.352304839569169,1.24073236009732,1.00967219596321,0.252865153071396,0.231090309026664,0.6451,1.79,-1.061,1.1796,0.5876,0.2564
261,1,"L","22","M",24,-0.5238,"L",0.926057471264368,0.602344592458545,0.0705750925260976,0.323709326225325,1.01902702702703,0.711806733994668,0.15152036822008,0.307259567701505,0.6207,1.6691,-1.702,1.1319,0.5281,0.3655
262,2,"R","28","F",8,0.7692,"R",0.847151219512195,0.666540872433245,0.148416299289429,0.180656517690386,0.924377717391304,0.733057870816129,0.113951348773359,0.191343958533141,0.5909,1.2591,-1.3972,1.013,0.5827,0.3252
263,3,"R","17","M",8,0.6923,"R",0.889690594059406,0.667914803026998,0.0925597956356996,0.221763306292667,0.931156479217604,0.705748135088321,0.0798289063352081,0.225420728075054,0.5714,1.2316,-1.4503,0.9152,0.6193,0.248
264,4,"R","20","F",8,0.6923,"R",0.830216783216783,0.553032426310538,0.0620200306666305,0.277205748767344,0.893024064171123,0.626906445532607,0.0801348365223421,0.266125195893338,0.5217,1.3762,-0.9344,1.2164,0.4912,0.1864
265,5,"R","19","F",7,0.76,"R",1.10092708333333,0.836611628794341,0.131797344038507,0.264290329242595,1.05633414043584,0.786120454013079,0.131438581157028,0.270198013613441,0.5,1.3141,-1.1229,0.3564,0.7006,0.3631
266,6,"R","19","F",18,0.9167,"R",0.863993273542601,0.517456564021261,0.053739224336324,0.346491655124563,1.00547727272727,0.614214970120452,0.0690545640677166,0.391262201731321,0.5925,1.5857,-1.2851,1.2368,0.4546,0.2244
267,7,"R","26","M",16,0.7692,"R",0.719736383442266,0.523761437405348,0.0473597466925981,0.195961766181724,0.872920289855072,0.614949796369131,0.0544382959237067,0.257927760627821,0.625,1.4233,-1.6197,1.7427,0.4685,0.1125
268,8,"R","20","M",21,0.0435,"R",1.17403947368421,0.85378317243844,0.148003587192345,0.320218490290246,1.2843537414966,0.983116915629791,0.167750532462374,0.301388437439478,0.5862,1.6728,-1.5552,1.4042,0.7665,0.467
269,9,"R","21","F",14,0.6154,"R",0.918435267857143,0.64825591512986,0.0624346477091423,0.270240881335139,1.01585135135135,0.692049122390769,0.0605376641916018,0.323727761404311,0.5714,1.6378,-1.509,1.5523,0.5469,0.1611
270,10,"L","20","F",8,0,"A",0.984238770685579,0.601058429610052,0.070665535866435,0.383193885790406,1.01523623853211,0.651481359535493,0.0801355609166218,0.363680179024204,0.5714,1.6691,-1.4756,1.0538,0.5081,0.1613
271,1,"R","23","M",22,0.8182,"R",0.907938073394495,0.577925523706616,0.0733681804659767,0.330074778827941,1.07438337182448,0.645446763252629,0.063600785592593,0.428996518143609,0.5967,1.8284,-1.4972,1.4008,0.4648,0.1943
272,2,"R","23","M",26,0.9231,"R",1.17118918918919,0.743134306825003,0.0851675124319597,0.42804064704003,1.34263537117904,0.863073368521359,0.109690999720507,0.479536486680945,0.606,1.9286,-1.7475,1.5241,0.6728,0.4439
273,3,"R","26","F",24,1,"R",0.771158940397351,0.599242861574831,0.0734035372330952,0.171937123797785,0.822973392461197,0.652482749803469,0.0720359978066721,0.170506099982617,0.6136,1.2651,-2.3244,1.6508,0.5454,0.1916
274,4,"R","20","F",17,0.3333,"R",0.938666666666667,0.619242534650527,0.0621441662351578,0.319411947970786,0.949513333333333,0.630633047955044,0.0515625465079786,0.318905079908328,0.5576,1.5517,-1.6114,1.0944,0.5216,0.1538
275,5,"R","21","F",10,1,"R",0.961467980295566,0.649111806147295,0.0459907462859406,0.312337361240111,1.0597152173913,0.806971959768959,0.126365016356107,0.25276194324617,0.7321,1.6128,-2.6008,0.5053,0.6462,0.3387
276,6,"R","20","F",18,0.7143,"R",0.932291390728477,0.620328944235003,0.0495457386063342,0.31197569002718,0.977642533936652,0.647339436336656,0.0594859149408933,0.330309974226148,0.537,1.6015,-1.5529,1.6094,0.5251,0.0675
277,7,"R","21","M",8,0.4286,"R",1.20962611275964,0.817156825127608,0.141570998458321,0.392385150210451,1.22535813953488,0.776366890030672,0.127356107840261,0.449115391780693,0.5961,1.5176,-1.3886,0.2364,0.7263,0.5686
278,8,"R","22","M",25,0.9167,"R",1.07228082191781,0.645167873655685,0.0676888667989959,0.427207033155393,1.14895623632385,0.642001875710064,0.0631919408530571,0.506931929647344,0.5606,1.9033,-1.4184,1.3634,0.5071,0.2319
279,9,"R","29","F",18,0.8182,"R",1.02876444444444,0.630165509088896,0.0680268023799754,0.398486166983177,1.31272072072072,1.03521345627638,0.299124394459096,0.277418553799454,0.7222,2.0873,-1.8662,1.2451,0.6009,0.4423
280,10,"R","22","F",24,1,"R",0.945613390928726,0.618193560174945,0.0698825787122971,0.32736627453129,1.01715964523282,0.638221655733119,0.0533057867911282,0.378937921193793,0.5166,1.7758,-1.4928,1.643,0.4857,0.0815
281,1,"R","19","F",9,1,"R",0.955186813186813,0.653089865895594,0.0616309410298168,0.302234841317209,1.03428442437923,0.752622225047502,0.102746565225757,0.281682713473321,0.5892,1.625,-1.6189,1.3869,0.5829,0.2175
282,2,"R","18","M",5,0.7692,"R",0.617737226277372,0.486828248945355,0.052029843430057,0.130907384586593,0.664246341463415,0.485556503696049,0.0426325614060574,0.178687259511952,0.6176,1.0249,-2.0739,1.3789,0.4445,0.1725
283,3,"R","18","M",14,0.8,"R",0.871814898419865,0.662001437971251,0.0820048115118524,0.209809779489338,0.948228571428571,0.672348264256613,0.0701646465729115,0.275856710755137,0.5577,1.5031,-1.7772,1.7264,0.5577,0.2086
284,4,"R","26","M",22,0.68,"R",1.13189719626168,0.672522506181007,0.0887125942640672,0.459394360403874,1.11892207792208,0.696273091885853,0.0996300285816192,0.422646045038857,0.5517,1.6691,-1.634,1.2235,0.5902,0.3426
285,5,"R","19","M",20,1,"R",1.29045476772616,0.682237713810288,0.085301846952186,0.608122715195368,1.55056354916067,1.3722507408325,0.592922038146512,0.178239227353983,0.7096,1.8008,-1.6951,0.7933,0.7183,0.9757
286,6,"R","22","F",13,0.6154,"R",1.03614824120603,0.754647739869608,0.155554400732656,0.28156149848806,1.0221075794621,0.743244219168698,0.148824913549032,0.278905896779804,0.5,1.4594,-1.1464,0.9605,0.6138,0.3264
287,7,"R","28","F",15,0.8182,"R",1.00340481400438,0.668591177528727,0.0656233287822138,0.334795855645568,1.08057362637363,0.682219245839699,0.0651258112117597,0.398329766301643,0.5517,1.7025,-1.4894,1.5049,0.5576,0.1925
288,8,"R","21","F",9,0.5385,"R",0.862215025906736,0.716474261790658,0.0956487497551213,0.145724731493598,0.880995037220844,0.70845803727893,0.105196502107051,0.172539732861502,0.5277,1.0534,-1.3598,1.2151,0.6425,0.2873
289,9,"R","25","M",12,0.76,"R",1.28238442211055,0.769506390320712,0.0962013068996156,0.512971298039929,1.33692056074766,0.883888101138069,0.161175520368467,0.452897780968584,0.6206,1.6691,-1.4215,0.8129,0.7262,0.4829
290,10,"R","20","M",23,0.6,"R",0.921273148148148,0.629368029999243,0.0710532972083942,0.291893880450186,0.97729954954955,0.634733607104788,0.0619639148435762,0.34251736096251,0.574,1.5968,-1.601,1.2941,0.5252,0.1927
291,1,"R","21","M",6,0.7273,"R",1.25533802816901,0.644965118753772,0.0668798405139379,0.61042910279954,1.24212264150943,0.6298914231682,0.075804034941865,0.612261185446432,0.5,1.7869,-0.9798,1.0987,0.5421,0.3852
292,2,"R","19","F",18,0.6923,"R",0.808108843537415,0.595059078273739,0.0636021114885269,0.213075246879976,0.885364485981308,0.690915828687007,0.0823434383966528,0.194445525354222,0.625,1.3916,-1.886,1.3355,0.5433,0.1904
293,3,"R","19","M",18,0.9048,"R",0.905953703703704,0.622967758079748,0.0640806401867818,0.282931358224238,0.972803357314149,0.667423362170591,0.0759305691748834,0.305460019035551,0.58,1.4411,-1.3335,1.106,0.5605,0.2417
294,4,"R","18","M",19,0.6923,"R",0.696052391799544,0.620195932852839,0.061538822305933,0.0758587991330749,0.708677419354839,0.619794378325105,0.0622538195484401,0.0888757817979167,0.5,0.8425,-1.5819,2.5482,0.5741,0.165
295,5,"L","22","M",9,-0.6154,"L",0.872282051282051,0.591626697231645,0.0632435356744623,0.280733979003272,0.961608374384236,0.652392446500386,0.0538921948514322,0.309218421167833,0.5999,1.4538,-1.3692,1.0938,0.5328,0.1558
296,6,"R","19","F",7,1,"R",1.31040180586907,0.817244105977473,0.150825480051636,0.493246708432388,1.38618611987382,0.936932555513535,0.200610939498883,0.449191286516192,0.4423,1.5141,-0.29,1.3681,0.7915,0.6487
297,7,"R","23","M",18,0.9091,"R",0.980804824561403,0.713099064721517,0.110547532342155,0.267748202418072,1.08632739420935,0.817496391278,0.115279441326615,0.268895207346379,0.625,1.6512,-1.8711,1.4003,0.6278,0.2844
298,8,"R","21","F",26,1,"R",0.727514412416851,0.590343335211484,0.0598708747983829,0.137161345085806,0.720312638580931,0.580946490823749,0.0551677057461345,0.139362890903933,0.4737,1.1123,-1.8145,2.2377,0.5229,0.1332
299,9,"R","20","F",6,0.9231,"R",0.940371273712737,0.615025480203473,0.108594576181574,0.325383316190121,0.940357682619647,0.610281295454227,0.133043379566169,0.330117581299617,0.5399,1.435,-1.0106,0.7214,0.5142,0.4121
300,10,"R","25","M",16,0.8462,"R",1.64863920454545,0.711999468216286,8.60529484281608e-09,0.936881576456711,1.84477777777778,1.74625968290255,0.546932780977124,0.0985417411619739,0.7326,2.5221,-4.1817,2.1211,1.0443,1.1453
301,1,"R","20","M",26,0.6364,"R",0.864167372881356,0.606401711775923,0.0458945007940407,0.257727471338097,0.97821797752809,0.669105785447319,0.055153091752624,0.309095368181893,0.5714,1.6554,-1.6171,1.7996,0.5171,0.0525
302,9,"R","18","F",14,0.8182,"R",0.899784722222222,0.5802109015529,0.064135534260724,0.319583306764565,1.01368380462725,0.674107645479183,0.0858122284235667,0.33955940409472,0.6153,1.5421,-1.0663,1.0987,0.5191,0.2175
303,3,"R","26","F",7,0.5833,"R",1.42493255813953,0.867368758756253,0.22890306107909,0.557648908658233,1.50693623188406,0.830533720524754,0.141012171198653,0.676750658555404,0.3966,1.6691,-0.2083,1.3425,0.7498,0.581
305,9,"R","33","M",27,0.52,"R",0.965756871035941,0.593551036428533,0.0566340559509967,0.372159286155301,1.06110204081633,0.722625730071501,0.12419861116779,0.338521925211784,0.5862,1.7237,-1.5485,1.4283,0.5445,0.3023
306,9,"R","18","M",18,0.3333,"R",1.13576682692308,0.666167584882532,0.108822205130933,0.469589436382978,1.26485714285714,0.782312388408244,0.126140839274682,0.482507638149066,0.6406,1.8586,-1.5754,0.8346,0.586,0.3783
307,7,"R","22","M",9,0.7273,"R",1.24619186046512,0.785014457258396,0.128842425325937,0.461208556782123,1.24564479638009,0.736687738559425,0.0793126349840067,0.508862758420868,0.5577,1.4934,-1.5097,0.404,0.7427,0.5622
309,5,"L","19","F",6,-0.7143,"L",1.06012195121951,0.64723879656447,0.080589983264869,0.412912802422463,1.08067848699764,0.644830221454526,0.0713340695336413,0.435867258257962,0.5555,1.6021,-1.2504,0.9526,0.5502,0.2325
310,10,"R","22","F",18,1,"R",0.914971046770601,0.576762790909003,0.0680527111847056,0.338189023624379,1.03933495145631,0.6672350105236,0.0865317494857602,0.372051786545906,0.5892,1.6422,-1.3545,1.325,0.5014,0.185
311,9,"R","19","F",22,1,"R",0.790586956521739,0.525904867451932,0.0488794561195136,0.264687528782554,0.867390022675737,0.60965087293371,0.088575373151385,0.257739031265983,0.5535,1.6143,-1.6759,1.7924,0.4347,0.2333
312,2,"R","19","F",23,0.913,"R",0.55217380952381,0.477026236141362,0.0635717002622345,0.0751429227965234,0.590595588235294,0.519896880566375,0.0674049184961942,0.0706958220766634,0.6666,0.8492,-2.7642,1.3549,0.4434,0.1444
314,4,"R","19","F",4,0.9048,"R",0.875583333333333,0.563659425808786,0.0610675022284005,0.311890159765357,1.02048086124402,0.66722676616088,0.0759991077075191,0.353246217987358,0.6249,1.6208,-1.4271,1.2079,0.495,0.1364
315,9,"R","22","F",19,0.7273,"R",0.822866812227074,0.616452857263607,0.0569453725699074,0.20643359652756,0.924069047619048,0.690588344368159,0.0631215042492214,0.233490746454936,0.625,1.4116,-1.6418,1.5954,0.5674,0.1931
316,1,"R","22","F",11,0.52,"R",1.00865237020316,0.664346938505935,0.074966642992823,0.344193308616154,1.0673137755102,0.726233981847898,0.0780130398870135,0.341065203805545,0.5384,1.5447,-0.9485,1.2087,0.5881,0.1874
317,9,"R","19","F",14,0.8462,"R",0.751969696969697,0.530642722456464,0.0759721149073949,0.221323914098125,0.778923456790123,0.562041614246614,0.0829756472598459,0.216848856956486,0.5952,1.244,-1.6844,0.9746,0.4714,0.2168
319,9,"R","22","F",20,1,"R",0.926356371490281,0.663237789078097,0.0455852284244279,0.263102651041532,1.04836551724138,0.779210178523963,0.0949775309028333,0.26916949473191,0.6071,1.632,-1.5429,1.524,0.5825,0.0914
320,10,"R","29","M",21,0.5385,"R",0.989518099547511,0.633820707852631,0.086256217820035,0.355737357386193,1.00022068965517,0.603316879599034,0.0760196600448348,0.396985274360574,0.5,1.6139,-1.0716,1.1356,0.5118,0.0661
321,1,"R","19","F",11,0.6154,"R",0.750325,0.54288563411102,0.0468592941978191,0.207447518514698,0.76770197044335,0.564146507556288,0.0614593490229375,0.203554433293121,0.5499,1.1503,-1.4428,1.2014,0.4937,0.1852
322,2,"R","19","F",12,0.8261,"R",0.925134259259259,0.624574662847035,0.073086411033946,0.300573035122787,0.973273631840796,0.654217056918122,0.114224840516708,0.319066482861981,0.5199,1.4538,-1.0347,1.332,0.5391,0.2399
323,9,"R","20","F",17,0.3077,"R",1.03734389140271,0.64316319944095,0.104886813986032,0.39417590597479,1.05519302325581,0.668017281080524,0.134487961108836,0.387188879578551,0.5178,1.6163,-1.2377,1.3211,0.5508,0.3317
324,4,"R","20","F",16,1,"R",0.923880459770115,0.594337653142024,0.0938865789983435,0.329581908128665,1.02427272727273,0.65019152737813,0.0630889462584344,0.37403947313942,0.6111,1.5519,-1.4166,0.9334,0.5381,0.243
325,9,"L","23","M",20,-0.3846,"L",0.920767337807606,0.69600605850284,0.0819183403178823,0.224780055777942,0.952598173515982,0.743175909629507,0.0938504381327308,0.209465389705298,0.5652,1.3629,-1.7039,1.4295,0.6243,0.2076
326,6,"R","19","F",21,1,"R",0.962004535147392,0.671832155592456,0.0486465282381115,0.290111190157688,1.0599520383693,0.705983697737776,0.0666242028558952,0.354052695605632,0.5961,1.5298,-1.4004,1.2621,0.5902,0.1992
327,10,"R","19","F",11,0.8947,"R",0.747071428571429,0.662611283778136,0.0747997518533071,0.0844498115107246,0.783031630170316,0.700196112616402,0.0825648363026898,0.0828439791389607,0.6428,0.8158,-2.7196,1.1659,0.6421,0.2318
328,8,"R","19","F",11,0.3636,"R",1.12691366906475,0.587581537502998,0.0425980659925163,0.539390125391754,1.2397736318408,0.686718708682654,0.0899420713588582,0.553116218028827,0.6034,1.696,-1.2354,1.0008,0.5738,0.5391
329,1,"R","18","F",11,0.84,"R",0.9369375,0.550569310855987,0.0513041949360667,0.386416690871922,1.13809090909091,0.71268275421367,0.0909750111034489,0.425418071695369,0.6551,1.6691,-1.3484,0.77,0.5108,0.1194
330,4,"R","21","M",22,0.9091,"R",0.906711538461539,0.704863991729131,0.0825157222516622,0.201883541370862,0.934751111111111,0.747652156386032,0.100385738281875,0.187068667536899,0.619,1.2006,-2.2529,0.9647,0.6753,0.3174
331,4,"R","66","F",33,1,"R",0.760843010752688,0.633803942603212,0.0669674150646377,0.127041905080842,0.832837378640777,0.710736243599388,0.0607952890304823,0.122068474596968,0.6499,1.1908,-2.3011,2.1363,0.5975,0.2171
332,5,"R","22","F",19,0.9048,"R",1.02842047930283,0.565154772142076,0.0558300407029172,0.463264687255228,1.15569383259912,0.650720839580657,0.0686762116599032,0.504918128008309,0.5908,1.9433,-1.5595,1.4098,0.4565,0.0975
333,10,"R","19","F",8,0.9231,"R",1.01745977011494,0.590918694105882,0.059704277080208,0.426653500259795,0.96975,0.602346999724302,0.0420962882824115,0.367396874315767,0.5,1.5075,-1.0193,0.5523,0.5155,0.1125
334,1,"R","19","F",14,0.7143,"R",0.965979166666667,0.633348909201629,0.0857857170900927,0.332625888432212,1.03603636363636,0.660102479392461,0.0945730107266999,0.375952293482289,0.5862,1.727,-1.4789,1.1405,0.4994,0.1858
335,4,"R","23","F",10,0.9048,"R",0.933431421446384,0.700515733229983,0.0789507656103866,0.232913446340077,0.968588636363636,0.711672820809942,0.0763914493964548,0.256910320942209,0.6136,1.2591,-2.0331,0.9486,0.6578,0.3192
336,6,"R","23","F",22,0.3846,"R",0.791640350877193,0.612292022016072,0.0564287528786863,0.179348519276318,0.804383408071749,0.628006926076497,0.0550406527397024,0.176358782588664,0.5237,1.2037,-1.7737,1.71,0.56,0.1649
337,9,"R","21","F",26,0.7143,"R",0.718231121281464,0.538077553792803,0.0475524060925449,0.180141134968461,0.73617211328976,0.563354784898191,0.048132874746587,0.172812930803679,0.5952,1.259,-2.4002,1.515,0.4803,0.1094
338,1,"R","18","F",14,0.84,"R",0.923631465517241,0.626020783731465,0.0772766296899772,0.297543458719937,1.07244103773585,0.733928516354199,0.0795783697320321,0.338562656596556,0.5861,1.7062,-1.2986,1.5395,0.5394,0.2351
339,6,"R","22","M",8,0.8,"R",1.51386363636364,1.11164577139358,0.255390735430752,0.402109841094442,1.49866315789474,1.08659091690172,0.281548315792443,0.412020031940333,0.4048,1.2006,-0.6771,2.0268,1.1206,0.9419
